smiles,rt
CCCCCCCCC=CCCCCCCCC(=O)OCC(COC(=O)CCCCCCCC=CCCCCCCCC)OC(=O)CCCCCCCC=CCCCCCCCC,248.4371198971696
CCCCCCCCCCCCCCCCC(=O)OC(COCCCCCCCCCCCCCC)COP(=O)([O-])OCC[N+](C)(C)C,123.92150000710647
CCCCCCCCCCC=CCCCCCCCCCCCCOCC(O)COP(=O)(O)OCCN,95.13266685069414
C1=CC=C(C(=C1)C(=O)O)C(=O)O,9.680105354705583
CCCCN(CCC(=O)OCC)C(=O)C,13.259750730379151
CCCCCCCCCCCCCCCCCC(=O)OC(CO)COC(=O)CCCC=CCC=CCC=CCC=CCCCCC,146.36875262776422
CCC=CCC=CCC=CCC=CCCCCCCCCCOCC(COP(=O)([O-])OCC[N+](C)(C)C)OC(=O)CCCCCCCCCCCC=CCC=CCCCCC,158.51086150403444
CCCCCCCCCC=CCCCCCCCCCC(=O)NC(COP(=O)([O-])OCC[N+](C)(C)C)C(O)C=CCCCCCCCCCCCCCCCCC,167.2265734891433
CCC=CCC=CCC=CCC=CCC=CCCCC(=O)O,31.7244836729735
C1=CC=C(C=C1)C2=NC(C(=O)NC3=C2C=C(C=C3)Cl)O,12.555634972953657
CCCCCC(=O)OC(CC(=O)[O-])C[N+](C)(C)C,11.068498754618334
CCCCCCCC=CCCCCCCCCOCC(O)COP(=O)(O)OCCN,49.34198670482997
CC1=CC(=O)NS(=O)(=O)O1,9.025115731973532
CCCCCCCCCCCCCCCCCC(=O)OCC(COP(=O)([O-])OCC[N+](C)(C)C)OC(=O)CCCCCCCC(C=CC=CCCCCC)O,101.25351076737816
CCCCCCCCCCCCCC=CC(OC(=O)CCCCCCCCCCCCCCCCC)C(COP(=O)([O-])OCC[N+](C)(C)C)NC(=O)CCCCCCCCCCCCCCC,217.1701230747665
CC/C=C\C/C=C\C/C=C\C/C=C\CCCCC(=O)OC[C@@H](COC(=O)CCC/C=C\C/C=C\C/C=C\C/C=C\C/C=C\CC)OC(=O)CCC/C=C\C/C=C\C/C=C\C/C=C\C/C=C\CC,188.01620789478852
CCCCCCCCCC=CCCCC(O)C(O)C(CO)NC(=O)C(O)CCCCCCCCCCCCCCCCCCCCC,172.52933822305675
CCCCCCCCCCCCCCCCCC(=O)OCC(COP(=O)(O)OCCN)OC(=O)CCCCCCCCCC=CCC=CCCCCC,153.69797036789942
CCCN1CCCCC1C(=O)NC2=C(C=CC=C2C)C,12.570315954677053
CCCCCCCCCCCC(=O)OCC(COC(=O)CCCCCCC/C=C\C/C=C\CCCCC)OC(=O)CCCCCCC/C=C\CCCC,203.91347333448596
CC12C=CC(=O)C=C1CCC1C2C(O)CC2(C)C1CCC2(O)C(=O)CO,11.00243789423159
CCCCC=CCCCCCCCC(=O)NC(COP(=O)([O-])OCC[N+](C)(C)C)C(O)C=CCCCCCCCCCCCCCCCC,118.92451425089992
CCCCCCCCCCCCCCCCC(=O)OCC(COP(=O)(O)OC1C(C(C(C(C1O)O)O)O)O)OC(=O)CCCCCCC=CCC=CCC=CCC=CCC,109.58163763683808
CCCCCCCCC=CCCCCCCCCCC(=O)NC(COC1OC(CO)C(O)C(OS(=O)(=O)O)C1O)C(O)CCCCCCCCCCC,100.04010914695856
CC=CCCC=CCCC=CCCCC(O)C(O)C(COP(=O)([O-])OCC[N+](C)(C)C)NC(=O)CCCCCCCCCCCC=CCCCCCCCCCC,165.94127251167887
CCCCCCCCCCCCCCCC(=O)O[C@@H](COC(=O)CCCCCCCCCCCCCC)COC(=O)CCCCCCC/C=C\C/C=C\C/C=C\CC,229.14191678861977
CC=CCC=CCC=CCC=CCC=CCC=CCC=CCC(=O)OCC(COC(=O)CC=CCC=CCC=CCC=CCC=CCC=CCC=CC)OC(=O)CC=CCC=CCC=CCC=CCC=CCC=CCC=CC,217.44066209301656
CCC=CCC=CCC=CCC=CCCCCCCCCCCCCC(=O)NC(COP(=O)([O-])OCC[N+](C)(C)C)C(O)C=CCCC=CCCCCCCCCC,143.75779142538954
CC(=O)NCCC1=CN=CN1,9.66336642265119
CCC=CCC=CCC=CCC=CCCCCCCC(=O)OC(COCCCCCCCCCCCCCCCCCCCCCC)COP(=O)([O-])OCC[N+](C)(C)C,171.9311448701846
CCCCCCCCCCCCCCCCCCCCCCCC(=O)OCC(O)COP(=O)(O)OCCN,102.34418192534744
CCCCCCCC=CCC=CCCCCCCCCCCCC(=O)NC(COP(=O)([O-])OCC[N+](C)(C)C)C(O)CCCCCCCCCCCCCCCCC,174.89070220517564
CCCCCCCCCCCCCCCCCCCCCC(C(=O)NC(CO)C(C=CCCCCCCCCCCCCC)O)O,181.1453395209239
CCC=CCC=CCC=CCCCCCCCCCC(=O)NCCOP(=O)(O)OCC(O)COC(=O)CCCCCCCCCC=CCC=CCC=CCC,118.86464228806076
CCCCCCCCCCCCCCCCCC=CC(O)C(COP(=O)(O)OCCN)NC(=O)CCCCCCCCCCCCCCCCCCC,176.9544254771836
CCCCCC=CCC=CCCCCCCCC(=O)OCC(COC(=O)CCCC=CCC=CCC=CCC=CCC=CCC)OC(=O)CCCC=CCC=CCC=CCC=CCCCCC,213.40791148528504
CCOC1=CC2=C(C=C1)NC(CC2C)(C)C,24.91295171518332
CCCCCCCCCCCCCC=CC(O)C(COC1OC(CO)C(O)C(O)C1O)NC(=O)C(O)CCCCCCCCCCCCCCCCCCCCC,177.10426094641795
CCCCCCCCCCCCCCCCCCCCCCC(=O)NC(CO)C(C(CCCCCCCCCCCCCC)O)O,179.0331932064549
CCCCCC=CCC=CCC=CCC=CCCCCCC(=O)OCC(COP(=O)(O)OCC(C(=O)O)N)OC(=O)CCC=CCC=CCC=CCC=CCC=CCC=CCC,100.326141758223
CC(C)CCCCCCOC(=O)C1=CC=CC=C1C(=O)OCCCCCCC(C)C,104.60324227450778
[2H]C([2H])([2H])C([2H])([2H])C([2H])([2H])CCCCCCCCCCC=C[CH](O)[CH](CO)N=C(O)CCCCCCCCCCCCCC=CCCCCCCCC,186.69756030395004
CC1=CC=C(C=C1)C2=C(N3C=C(C=CC3=N2)C)CC(=O)N(C)C,11.465129714131695
CCC=CCC=CCC=CCCCCCCCCCCOCC(COP(=O)([O-])OCC[N+](C)(C)C)OC(=O)CCCCCCCCCCCCC,149.5047749599443
CCCCCCCCCCCCCCCCCCCCCCCC(=O)OCC(O)COP(=O)(O)OCC(N)C(=O)O,86.07135912309906
C(C(C(C(=O)O)O)O)O,8.273393320128926
CCCCCCCCCCCCCCC(=O)OCC(COC(=O)CCCCCCCC=CCCCCCCCC)OC(=O)CCCCCCCC=CCCCCCCCC,237.291597166978
CCCCCCCCCCCCCC[N+](C)(C)CC1=CC=CC=C1,34.28297257153257
CCCCCCCCC=CCCCCCCCC(=O)OC1CCC2(C3CCC4(C(C3CC=C2C1)CCC4C(C)CCCC(C)C)C)C,246.0675226172431
CC(C)OC1=CC=C(C=C1)S(=O)(=O)C2=CC=C(C=C2)O,12.613503273081196
CC1(CCCC2(C1CCC34C2CCC(C3)C(C4)(COC(=O)C=CC5=CC(=C(C=C5)O)O)O)CO)C,48.51977897508587
CCC(=C(C1=CC=CC=C1)C2=CC=C(C=C2)OCCN(C)C)C3=CC=CC=C3,16.912949886948272
CCCCCCCCCCCCCCCCC(=O)OCC(COP(=O)(O)OCCN)OC(=O)CCCCCCCC=CCC=CCCCCC,133.77826246406102
CCC=CCC=CCC=CCC=CCCCCCCC(=O)OC(COCCCCCCCCCCCCC=CCC=CCCCCCCC)COP(=O)([O-])OCC[N+](C)(C)C,159.54218063217735
CC/C=C\C/C=C\C/C=C\C/C=C\C/C=C\CCCC(=O)OC[C@@H](COC(=O)CC/C=C\C/C=C\C/C=C\C/C=C\C/C=C\C/C=C\CC)OC(=O)CCC/C=C\C/C=C\C/C=C\C/C=C\C/C=C\CC,196.82721604887985
CCC=CCC=CCC=CCC=CCCCCC(=O)OCC(O)COP(=O)([O-])OCC[N+](C)(C)C,46.00827378698799
CCCCCCCCCCCCCCCCCCCCCCOCC(O)COP(=O)(O)OCCN,94.8817240158948
COC1=CC(=CC(=C1OC)OC)C2=C(C(=O)C3=C(O2)C(=C(C=C3OC)OC)OC)OC,94.53375221308264
CCC=CCC=CCC=CCC=CCC=CCCCC(=O)OC(COCCCCCCCCCCC=CCC=CCCCCC)COP(=O)(O)OCCN,135.73697200973294
CCCCCCCCCCCCCCC(=O)OC[C@H](COP(=O)(O)OCCN)OC(=O)CCCCCCC/C=C\C/C=C\CCCCC,124.48057032949576
C1=CN(C(=O)NC1=O)C2C(C(C(O2)COP(=O)(O)OP(=O)(O)OC3C(C(C(C(O3)CO)O)O)O)O)O,8.186108940143976
CCCCCC=CC(CCCCCCCC=CC=CC(=O)NCC(C)C)OO,106.8824270980363
CCCCCC=CCCCCCCCCOCC(COP(=O)(O)OCC(O)CO)OC(=O)CCCCCCCCCCCCCCC,114.6610491916393
CCCCCCC=CCCCCCCCC(=O)OC1CCC2(C3CCC4(C(C3CC=C2C1)CCC4C(C)CCCC(C)C)C)C,235.9001561955964
CCC=CCC=CCC=CCC=CCCCCCCCCC(=O)OCC(COC(=O)CCCCCCCCCCCCCCC)OC(=O)CCCCCCCC=CCCCCCCCC,246.6539909863754
CCCCCCC=CCCCCCCCC(=O)OCC(COP(=O)(O)OCC(O)COP(=O)(O)OCC(COC(=O)CCCCCCCC=CCCCCCCCC)OC(=O)CCCCCCCC=CCCCCCC)OC(=O)CCCCCCCCCCCCCCC,210.8122199811669
CCCCC/C=C\C/C=C\C/C=C\C/C=C\CCCCCC(=O)OC[C@H](COP(=O)([O-])OCC[N+](C)(C)C)O,39.181786328750526
CC1=C(C(=NO1)C2=C(C=CC=C2Cl)F)C(=O)NC3C4N(C3=O)C(C(S4)(C)C)C(=O)O,9.132808949201436
C1CCC(CC1)NC2CCCCC2,12.32187345455921
CCC=CCC=CCC=CCC=CCCCCCCC(=O)OC(COC(=O)CCCCCCCCCCCCCCC)COP(=O)(O)OC,110.9494953401184
CCCCCCC=CCCCCCCCC(=O)OCC(COP(=O)([O-])OCC[N+](C)(C)C)OC(=O)CCCCCCC=CCC=CCC=CCC=CCC,109.8771235650318
CCCCCCCCCCC=CCCCC(CCCCCCCC(=O)O)OC(C)=O,77.68276169732971
CCCCCCCCC=CCCCCCCCC(=O)OC(COC(=O)CCCCCCCCCCCCCCC)COP(=O)(O)OC,122.82226224719356
CCCCCCCCCC=CCCC=CC(O)C(CO)NC(=O)C(O)CCCCCCCCCCCCCC,117.93366079326948
CCCCCC/C=C\CCCCCCCC(=O)OC[C@@H](COC(=O)CCCCCCC/C=C\C/C=C\CCCCC)OC(=O)CCCCCCC/C=C\C/C=C\CCCCC,227.6517338759191
CCCCCCCCCCC=CCCCCCCCCCCCCCC(=O)NC(CO)C(O)CCCCCCCCCCCCCCCCC,209.26461142345588
CCC=CCC=CCC=CCCCCCCCCCC(=O)OCC(COP(=O)(O)OCC(O)COP(=O)(O)OCC(COC(=O)CCCCCCCC=CCC=CCCCCC)OC(=O)CCCCCCCC=CCC=CCCCCC)OC(=O)CCCCCCCC=CCCCCCCCC,214.24576360803587
CCCC=CCC=CCCCCCCCCOCC(O)COP(=O)(O)OCCN,27.79063370483065
CCC=CCC=CCC=CCC=CCCCCCCCCCOCC(COP(=O)([O-])OCC[N+](C)(C)C)OC(=O)CCCCCC=CCC=CCC=CCC,128.21745401281458
CCCCCCCCCCCCCCCCCCCCCCCC(=O)NC(COC1C(C(C(C(O1)CO)OC2C(C(C(C(O2)CO)O)O)O)O)O)C(C=CCCCCCCCCCCCCC)O,183.226445128142
CCCCCCCCCCCC(=O)OCC(COC(=O)CCCCCCC/C=C\C/C=C\C/C=C\CC)OC(=O)CCCCCCC/C=C\CCCCCCCC,220.6327020539199
CCC=CCC=CCC=CCC=CCCCCCCCCCCC(=O)OCC(O)COP(=O)([O-])OCC[N+](C)(C)C,52.066507625067096
CCCCCCCCC=CCCCCCCCC(=O)OC(COC(=O)CCCCCCCCCCCCCCC)COC(=O)CCCCCCCCCCCCCCCCCCCCCCCC,274.28116108037557
C1=CC(=C(C=C1C2=CC(=O)C3=C(C=C(C=C3O2)O)O)OC4C(C(C(C(O4)CO)O)O)O)OC5C(C(C(C(O5)CO)O)O)O,86.90123601467704
CCCCCC=CCC=CCCCCCCCCOCC(O)COP(=O)(O)OCCN,44.27596398973698
CCCCCCCCCCCCCCC(C(=O)O)O,20.727326838870543
CCCCCCCCCCCCCCCC=CC(O)C(COC1OC(CO)C(O)C(O)C1O)NC(=O)C(O)CCCCCCCCCCCCCCCCCCCCCCCC,211.09811814809495
CCCCC=CCC=CCCCCCCCC(=O)NC(COP(=O)([O-])OCC[N+](C)(C)C)C(O)CCCCCCCCCCCC,89.92770473512559
CCCCCCCCCCCCCCCCCCOCC(COP(=O)(O)OCCN)OC(=O)CCCCCCCCCCCCCCC,144.9236034488655
CN1C2CCC1C(C(C2)OC(=O)C3=CC=CC=C3)C(=O)OC,11.50790900096118
CCCCCCCCCCCCCCCCCCCCCC(=O)NC(COP(=O)([O-])OCC[N+](C)(C)C)C(O)C(O)CCCCCCCCCCCCCC,156.63660571046842
CCCCCCCCCCCCCCCCCC(=O)OC(COC(=O)CCCCCCCCCCCCCCC)COC1OC(CO)C(O)C(O)C1O,160.86359894717054
CCC=CCC=CCC=CCCCCCCCCCC(=O)NCCOP(=O)(O)OCC(O)COC(=O)CCCCCCCC=CCCCC,106.2230943860739
CCCCCCCC/C=C\CCCCCCCCCCCC(=O)OC[C@@H](COC(=O)CCCCCCC/C=C\C/C=C\CCCCC)OC(=O)CCCCCCCCC/C=C\CCCCCCCC,264.14646486506246
CCCCCCCCCCCCCC=CC(O)C(COC1OC(CO)C(O)C(O)C1OC(=O)CCCCCCCCCCCCCCC)NC(=O)C(O)CCCCCCCCCCCCCCCCCCCC,229.65613675327737
CCCCCC=CCC=CCCCCCCCCCCCC(=O)OC(COCCCCCCCCCCCCCCCCCC)COP(=O)([O-])OCC[N+](C)(C)C,179.32102126387224
CCCCCCCCCCCCCCCC(=O)O[C@@H](COC(=O)CCCCCCCCCCCCC)COC(=O)CC/C=C\C/C=C\C/C=C\C/C=C\C/C=C\C/C=C\CC,225.9179135997856
CCC=CCC=CCC=CCC=CCC=CCC=CCC=CCC=CCCCCCCC(=O)OC(COC(=O)CCCCCCC)COP(=O)(O)OCCN,117.69772491030508
CCC=CC=CC=CCCCCCCCC(=O)OC(C=CCCCCCCCCCCC)C(COP(=O)([O-])OCC[N+](C)(C)C)NC(=O)CCC=CCC=CCCCCCCCC,174.0665902757413
CCC=CCC=CCC=CCCCCCCCCCC(=O)OC(COC(=O)CCCCCCCCCCCCCCCCC)COP(=O)(O)OCC(O)CO,122.28964927332078
CCCCCCCCC=CCCCCCCCC(=O)OCC(COP(=O)(O)OCC(CO)O)OC(=O)CCCC=CCC=CCC1C(O1)CC=CCCCCC,81.75726443860398
CCCCCCCCCCCCCCCCCCCCCCCCC(O)C(=O)NC(COC1OC(CO)C(O)C(O)C1O)C(O)C(O)CCCCCCCCCCCCCCCCC,209.6040209877021
CCC=CCC=CCC=CCC=CCC=CCCCCCC(=O)OC(COC(=O)CCCCCCCCCCCCC)COP(=O)([O-])OCC[N+](C)(C)C,117.88505203409062
CCCCCC=CCC=CCCCCCCCC(=O)OCC(O)COP(=O)(O)OCC(O)COP(=O)(O)OCC(COC(=O)CCCCCCCC=CCC=CCCCCC)OC(=O)CCCCCCCC=CCCCCCCCC,147.16514488152094
CCCCCCCCCCCCCCCCCCCC(=O)OCC(COP(=O)(O)OCC(C(=O)O)N)OC(=O)CCCC=CCC=CCC=CCC=CCC=CCC,137.66486219519177
CCC=CCC=CCC=CCCCCCCCC(=O)NC(COP(=O)([O-])OCC[N+](C)(C)C)C(O)CCCCCCCCCCCCCCC,110.34029922118484
CCCCCCCCCCCCCCCC(=O)OC[C@H](COC(=O)CCCCCCC/C=C\C/C=C\CCCCC)OC(=O)CCCCCCC/C=C\CCCCCCCC,241.73194849260383
CCCCCCCCCCCCCC(=O)OC(CC(=O)[O-])C[N+](C)(C)C,26.046629513012075
CCCCCCCCCCCC=CC(O)C(COC1OC(CO)C(O)C(O)C1O)NC(=O)C(O)CCCCCCCCCCCCCCCCCCCCCCC,171.4382630851406
[2H]C([2H])(OC(=O)CCCCCCCCCCCCCC)[C]([2H])(O)C([2H])([2H])OP(=O)(O)OCCN,27.0
CCCCC=CCC=CCCCCCCCC(=O)NCCOP(=O)(O)OCC(O)COC(=O)CCCCCCCC=CCC=CCCCCC,205.46397256141017
CC(C)(C)CC(C)(C)C1=CC=C(C=C1)OCCOCCOCCOCCOCCOCCOCCO,29.44245423968445
CCCCCCCCC=CCCCCCCCC(=O)OC(COC(=O)CCCCCCCCCCCCCC)COP(=O)(O)OCC(O)CO,111.82979796921164
CCCCCCCCCCCCCCCC(=O)OC[C@@H](COC(=O)CC/C=C\C/C=C\C/C=C\C/C=C\C/C=C\C/C=C\CC)OC(=O)CC/C=C\C/C=C\C/C=C\C/C=C\C/C=C\C/C=C\CC,221.11155109837347
CCCCCCCCCCCCS(=O)(=O)CCC(=O)O,92.92751107202317
CCCCCC=CCC=CCCCCCCCC(=O)OCC(O)COP(=O)(O)OCC(N)C(=O)O,16.896579561641666
C[Si]1(O[Si](O[Si](O[Si](O[Si](O[Si](O[Si](O1)(C)C)(C)C)(C)C)(C)C)(C)C)(C)C)C,128.13279816533108
CCC=CCC=CCC=CCC=CCCCCCCC(=O)OC(COC(=O)CCCCCCCC=CCCCCCCCC)COP(=O)(O)OCC,113.84882150506482
CCCCC/C=C\C/C=C\C/C=C\CCCCCCC(=O)O[C@H](COC(=O)CC/C=C\C/C=C\C/C=C\C/C=C\C/C=C\C/C=C\CC)COP(=O)([O-])OCC[N+](C)(C)C,115.00737269822076
CCCCCCCCCCCCCCCCCC(=O)OC[C@@H](COC(=O)CCCCCCCCCCC)OC(=O)CCCCCCCCCCCCC,222.6364687262712
CCCCCCCCCC=CCCCC(O)C(O)C(COP(=O)([O-])OCC[N+](C)(C)C)NC(=O)CCCCCCCCCCCCCCCCCCC,165.86746498810697
CCCCCCCCCCCCCCCCCCC(C(=O)NC(CO)C(C(CCCCCCCCCCCCCC)O)O)O,152.07245085341305
CCCCCCCC=CCC=CCCCCCCCCCCCCOCC(O)COP(=O)(O)OCCN,94.59449345147615
CCCCCC=CCC=CCCCCCCCCCCCCOCC(O)COP(=O)(O)OCCN,80.89373518121432
CCCCCCCCC=CCCCCCCCC(=O)OCC(COP(=O)(O)OC1C(C(C(C(C1O)O)O)O)O)OC(=O)CCCCCCC=CCC=CCC=CCC=CCC,107.33119615693792
CCC=CCC=CCC=CCC=CCC=CCC=CCC=CCCCC(=O)NC(COP(=O)([O-])OCC[N+](C)(C)C)C(O)C=CCCC=CCCC=CCC,148.39284979688904
CCCCCCCCCCCC=CCC=CCCCCCCCCCCCC(=O)NC(COC1OC(CO)C(OC2OC(CO)C(O)C(OC3(C(=O)O)CC(O)C(NC(C)=O)C(C(O)C(O)CO)O3)C2O)C(O)C1O)C(O)CCCCCCCCCCC,134.22611639565406
CCCCCCCCC=CCCCCCCCCCC(=O)OCC(COP(=O)([O-])OCC[N+](C)(C)C)OC(=O)CCCCCCCCCC=CCCCCCCCC,173.66084322857807
CN(C)CCCC1(C2=C(CO1)C=C(C=C2)C#N)C3=CC=C(C=C3)F,12.161453451935678
CCC=CCC=CCC=CCC=CCC=CCCCC(=O)OCC(COC(=O)CCCCCCCC=CCC=CCCCCC)OC(=O)CCCC=CCC=CCC=CCC=CCC=CCC,204.96340763741577
CCCCCCC=CCC=CCCCCCCCC(=O)NC(COP(=O)([O-])OCC[N+](C)(C)C)C(O)CCCCCCCCCCCCCC,120.5565188149365
CCCCCCCCCCCCCCCCCC(=O)OCC(COP(=O)(O)OCC(CO)O)O,34.71462118764786
CCC=CCC=CCC=CCC=CCC=CCC=CCCCCCCCCCCCCC(=O)OC(COC(=O)CCCCCCC)COP(=O)(O)OCCN,140.823038924643
CCC=CCC=CCC=CCC=CCCCCCCC(=O)OC(COC(=O)CCCCCCCCCCCCCCCCC)COP(=O)(O)OC,123.85401612397033
CN(CC(=O)O)C(=N)N,10.912874401006531
CCCCC/C=C\C/C=C\CCCCCCCCCC(=O)O[C@H](COC(=O)CCC/C=C\C/C=C\C/C=C\C/C=C\C/C=C\CC)COP(=O)([O-])OCC[N+](C)(C)C,141.65889527216987
CC(=O)NC1=CC=C(C=C1)OC2C(C(C(C(O2)C(=O)O)O)O)O,9.976489688601273
CCCCCCCCCCCCCCCCCCCCCC(=O)OCC(COC(=O)CCCCCCCCCC=CCCCCCC)OC(=O)CCCCCCCCC=CC=CCCCCC,263.54420553743995
CCC=CCC=CCC=CCCCCCCCCCC(=O)OCC(O)COP(=O)(O)OCCNC(=O)CCCCCCCCCCCCCCCCCCC,142.37828160377595
CCCCCCCCCCCCCC(=O)OCC(COC(=O)CCCC=CCC=CCC=CCC=CCCCCC)OC(=O)CCCCCCCC=CCCCCCC,223.27394403309165
CCCCCCCCCCCCCCCCCCCCCCCCCC(=O)NC(CO)C(O)C(O)CCCCCCCCCCCCCCCCC,216.52715546487792
CCCCCCCCCCCCCCCCCC(=O)OCC(COP(=O)(O)OCCN)OC(=O)CCCCCCC=CCC=CCC=CCC=CCC,139.40906436231234
CC(=O)NC(CC1=CC=CC=C1)C(=O)O,9.880546112969306
CCCCCCCCCCCCCC=CC(O)C(COC1OC(CO)C(O)C(O)C1O)N=C(O)CCCCCCCCCCCCCCC,123.93960164756348
CCC=CCC=CCC=CCC=CCCCCCCCCC(=O)OC(COC(=O)CCCCCCCCCC=CCC=CCCCCC)COP(=O)([O-])OCC[N+](C)(C)C,146.80546701365705
CCCCCCCCC=CCCCCCCCC(=O)OCC(COP(=O)(O)OCC(CO)O)OC(=O)CCCCCCC=CCC=CCC=CCC=CCC,100.23130849826724
CC1CC(OC2OC(C(=O)O)C(O)C(O)C2O)CC2CCC3C4CCC(O)C4(C)CCC3C12C,9.785990432874089
CCCCCCCCCCCCCCC(CCCCCCCC(=O)O)OC(=O)CCC,92.03361750989392
CCCCCCCCCCCCCCCCCCCCCCCC(O)C(=O)NC(CO)C(O)CCCCCCCCCCCCCCC,199.1684201146745
CCCCCCCCCCCCCC=CC(O)C(COC1OC(CO)C(OC2OC(CO)C(OC3OC(CO)C(O)C(O)C3O)C(O)C2O)C(O)C1O)NC(=O)CCCCCCCCCCCCCCC,120.91298011104308
CC12CCC(=O)C=C1CCC3C2C(CC4(C3CCC4(C(=O)CO)O)C)O,11.097612768456267
CCCCCCC=CCCCCCCCC(=O)OC(COC(=O)CCCCCCCC=CCCCC)COP(=O)([O-])OCC[N+](C)(C)C,102.14521137724454
CCC=CCC=CCC=CCC=CCC=CCC=CCCC(=O)OC(COC(=O)CCCCCCCCCCCCCCC)COP(=O)(O)OC,107.34266171016591
CCCCCCCCCCCCCCCCCCCCCCCC(=O)O[C@H](COC(=O)CCCCCCC/C=C\CCCCCCCC)COP(=O)([O-])OCC[N+](C)(C)C,197.36961158925732
CCCCCCCCCCCC=CC(O)C(CO)NC(=O)CCCCCCCCCCCCCCCCCCCCC,166.14515458471848
CCCCOCCOCCOC(=O)C,14.312605110387082
CN(C)CCC=C1C2=CC=CC=C2CCC3=CC=CC=C31,12.587658782881403
CCCCCC=CCC=CCCCCCCCCCCCC(=O)OC(COCCCCCCCC)COP(=O)([O-])OCC[N+](C)(C)C,120.6511300155596
CCCCCCCCCCCCCCCCCCCCCCC(=O)NC(CO)C(O)C(O)CCCCCCCCCCCCCCCC,192.87026606865464
CC(COC(C)COC(=O)C=C)OCC(C)OC(=O)C=C,16.66329256133122
CC=CCCC=CCCC=CCCCC(O)C(O)C(COP(=O)([O-])OCC[N+](C)(C)C)NC(=O)CCCCCCCCCCCCCC=CCC=CCCCCCCC,165.2510047622699
CCCCCCCCCCCCCCCC(=O)OCC(COP(=O)([O-])OCC[N+](C)(C)C)OC(=O)CCCCCCCC=CC=CC(CCCCC)OO,91.15028317005196
CCC(C)C(C(=O)O)N,11.564373968746612
CC1=CC2=C(C=C1C)N(C3=NC(=O)NC(=O)C3=N2)CCOC(=O)C,11.639130921393622
CC(=O)NC(CC(=O)O)C(=O)O,8.62459725839999
CC1=C(C(=C(C(=N1)C)C(=O)OC)C2=CC=CC=C2[N+](=O)[O-])C(=O)OC,13.633928664029929
CCCCC/C=C\C/C=C\CCCCCCCC(=O)OCC(OC(=O)CCCCCCC/C=C\C/C=C\CCCCC)COC(=O)CCCCCCC/C=C\C/C=C\CCCCC ,231.77751130916397
CCC=CCC=CCC=CCC=CCC=CCCCC(=O)OCC(CO)OC(=O)CCCC=CCC=CCC=CCC=CCC=CCC,119.81801698969336
CCCCCCCCCCCCCCCCO[C@H](COC(=O)CCCCCCCCCCCCCCC)COP(=O)([O-])OCC[N+](C)(C)C,149.4574428462794
CCCCCCCCCCCCCCCCCCCOCC(O)COP(=O)([O-])OCC[N+](C)(C)C,78.49310891424936
CCCCCCCCCCCCCCCCCCCCC(=O)NC(COP(=O)([O-])OCC[N+](C)(C)C)C(O)CCCCCCCCCCCCCCCCCCC,189.84830323648612
CCCCCC=CC=CCCCCCCCCC(=O)OCC(O)COP(=O)(O)OCC(O)COP(=O)(O)OCC(O)COC(=O)CCCCCCCCCCCCCCC,84.7380009137205
CCCCCCCCC=CCCCCCCCCOCC(COP(=O)(O)OCCN)OC(=O)CCCCCCCC=CCCCCCCCC,143.35713070702815
C(CNCCO)CO,10.12340716796169
CN(C)CC1CCCCC1(C2=CC(=CC=C2)O)O,11.647980209654229
CCCCCCCCCCC=CCCCC(CCCCCCCC(=O)O)OC(=O)CCCC,91.79429048404803
CCCCCC=CCC=CCCCCCCCC(=O)OC(C=CCC=CCCCCC)CCCCCCC(=O)O,114.8892435259928
CCCCCCCCCCCCCCCC(=O)OC[C@H](COP(=O)([O-])OCC[N+](C)(C)C)OC(=O)CCCCCCC/C=C\C/C=C\C/C=C\CC,114.49987947671096
CCCCCCCCCCCCCCCCCCCCCCCC(=O)OCC(COC(=O)CCCCCCCCCCCCCCC)OC(=O)CCCCCCCCCCCCCCCCC,273.58276731527167
CCCCCCCCCCCCCCCCCCCCCCCC(=O)N[C@@H](CO)[C@@H](CC=CCCCCCCCCCCCC)O,191.01983033359463
CCC=CCC=CCC=CCC=CCC=CCC=CCCC(=O)OCC(O)COP(=O)(O)OCC(N)C(=O)O,16.769942385912934
CCCCCCCCCCCCCCCCCCCCCC(=O)NC(COP(=O)([O-])OCC[N+](C)(C)C)C(O)CCCCCCCCCCCCCCCC,182.7216833403552
CN1C(CCC1=O)C2=CN=CC=C2,11.43161125583926
CC(=O)CC(C1=CC=CC=C1)C2=C(C3=CC=CC=C3OC2=O)O,10.507207605479389
CCCCCCCCCCCCCC(=O)O[C@H](COC(=O)CCCCCCCCCCC)COC(=O)CCCC/C=C\C/C=C\C/C=C\CCCCC,207.0746058186131
CCCCC/C=C\C/C=C\C/C=C\C/C=C\CCCCCC(=O)OC[C@H](COP(=O)(O)OCCN)O,39.822662539376225
CCCCCCCCCCCC(=O)C1=CC2=C(C=C1)C=C(C=C2)N(C)C,16.8589799003179
CCCCCC=CCC1C(O1)C(C=CCC=CCCCC(=O)O)O,14.790785178880244
CC(C(CCCC1=CC=CC=C1)C(=O)NC(C(=O)NC)C(C)(C)C)N(C=O)O,16.58866785633596
CCCCCCCCCCCCCCCCCCCCC(O)C(N)CO,82.11459902023256
CCC=CCC=CCC=CCCCCCCCC(=O)OC(COC(=O)CCCCCCCC=CCC=CCCCCC)COP(=O)(O)OC,102.91785174361226
CCCCCCCCC=CCCCCCCCC(=O)OC(CCCC)CCCC(=O)O,76.09262856385924
CCCCCCCCC=CCCCCCCCC(=O)OC(COC(=O)CCCCCCCCCCCCCCCCC)COC1OC(CO)C(O)C(O)C1O,161.73465069713757
CCCC(=O)OC(CC(=O)[O-])C[N+](C)(C)C,11.406561564419494
CCCCCCCCCCCCCCCC(=O)OC[C@H](COC(=O)CCC/C=C\C/C=C\C/C=C\C/C=C\CCCCC)OC(=O)CCCCCCCCCCCCCCC,239.12805772423
CCC=CCC=CCC=CCC=CCCCCCCCCC(=O)OCC(COC(=O)CCCCCCCC=CCCCCCCCC)OC(=O)CCCCCCCC=CCC=CCCCCC,239.41363409440183
CCCCCC=CCCC(=O)OC(CC(=O)O)C[N+](C)(C)C,13.79070464144743
CCC=CCC=CCC=CCC=CCCCCCCC(=O)OCC(O)COP(=O)(O)OCCN,24.70666922295215
CCC=CCC=CCC=CCCCCCCCCCC(=O)OCC(COP(=O)(O)OCC(O)COP(=O)(O)OCC(COC(=O)CCCCCCCC=CCC=CCCCCC)OC(=O)CCCCCCCC=CCC=CCCCCC)OC(=O)CCCCCCCC=CCC=CCCCCC,194.6603963924572
CCCCCCCCC=CCCCCCCCC(=O)OCC(COP(=O)(O)OCC(C(=O)O)N)OC(=O)CCCCCCC=CCC=CCC=CCC=CCC,105.26854737165252
CN1CCC23CCCCC2C1CC4=C3C=C(C=C4)OC,12.9291557135387
CCC=CCC=CCC=CCC=CCCCCCCC(=O)OC(COC(=O)CCCCCCCCCCCC=CCC=CCCCCCCC)COP(=O)([O-])OCC[N+](C)(C)C,152.08505820778183
CCCCC=CCC=CCCCCCCCC(=O)OC(COCCCCCCCCCCCCCCCCCCC)COP(=O)(O)OCCN,154.40344344575763
CCCCCCCCCCCCCCCCC(CCCCCCCC(=O)O)OC(=O)CCC,104.386836850042
C(CO)N(CCO)CCO,10.433207519974122
CCCCCCCCC=CC(CCCCCCC(=O)O)OC(=O)CCCCCCCCCCCCCCC,130.64556693200217
CC1=C(C(CCC1)(C)C)C=CC(=CC=CC(=CCO)C)C,60.95298398258999
CCCCCCCCCCCCCCCC(=O)O[C@H](COC(=O)CCCCCCC/C=C\CCCCC)COC(=O)CCCCCCC/C=C\CCCCCC,228.52398479495764
CCCCCCC(CC=CCCCCCCCC(=O)OC)OC(=O)C,54.08741197797913
CCCCCCCCCC=CCCCC(O)C(O)C(CO)NC(=O)C(O)CCCCCCCCCCCCCCCCCCCCCCC,180.431152908285
CC(C)C1=C(C(=C2C(=C1)CCC3C2(CCCC3(C)C)C(=O)OC)O)O,16.440442245410264
CCCCCCCCCCCCCCCCCCCCCCCCC(=O)NC(CO)C(C=CCCCCCCCCCCCCC)O,198.3568232768805
CCCCCCCCC=CCCCCCCCCOCC(COP(=O)(O)OCC(O)CO)OC(=O)CCCCCCCCCCCCCCC,133.18372705531831
CCCCCCCCCC(=O)OC[C@H](COC(=O)CCCCCCC)OC(=O)CCCCCCCCC,127.6299767790625
CC(=CCCC(=CCCC(=CCCC(=CCOC(=O)C)C)C)C(=O)O)C,43.8505991959057
CCC=CCC=CCC=CCC=CCCCCCCCCCCCCCCCCCCCCCCC(=O)OC(COC(=O)CCCCCCCC=CCCCCCCCC)COP(=O)([O-])OCC[N+](C)(C)C,214.83759992783328
CCCCCCCCCCCCCCCCCC(=O)OCC(COP(=O)(O)OC1C(C(C(C(C1O)O)O)O)O)OC(=O)CCCCCCCCCC=CCC=CCC=CCC,125.93968566032696
CCCCCC=CCC=CCCCCCCCC(=O)OCCCCCCCCCCCCCCC=CCCCCCCCCCCCCCCCC(=O)NC(CO)C(O)C=CCCCCCCCCCCCCC,250.6302046730924
CCCCCCCCCCCCCCCC=CC(C(CO)NC(=O)CCCCCCCCCCCCCCCC=CCCCCCCCCCCCCCC)O,236.5635900147205
CCCCCCCCC=CCCCCCCCC(=O)OCC(COP(=O)(O)OCCN)OC(=O)CCCCCCC=CCC=CCC=CCC=CCC,126.0443777054532
CC=CCCC=CCCC=CCCCC(O)C(O)C(COP(=O)([O-])OCC[N+](C)(C)C)NC(=O)CCCCCCCCCC=CCCCCCCCCC,117.65632515602344
CCC=CCC=CCC=CCC=CCC=CCCCC(=O)OC1CCC2(C)C(=CCC3C2CCC2(C)C(C(C)CCCC(C)C)CCC32)C1,223.78372504867332
CN(C)C1=CC=C(C=C1)C(=O)C2=CC=C(C=C2)N(C)C,17.06317780427881
CCCCCCCCCCCCCCCCC(=O)OCC(COC(=O)CCCCCCCC=CCCCCCCCC)OC(=O)CCCCCCC=CCCCCCCCCC,252.5528369032963
CCCC=CC(O)C(COP(=O)([O-])OCC[N+](C)(C)C)NC(=O)CCCCCCCCCCCCCCCCCCCCCCCCCC,132.2073103563544
CCC=CCC=CCC=CCC=CCCCCCCC(=O)OCC(COP(=O)(O)OCC(O)COP(=O)(O)OCC(COC(=O)CCCCCCCC=CCCCCCCCC)OC(=O)CCCCCCCC=CCCCCCC)OC(=O)CCCCCCCC=CCCCCCCCC,207.7902854886757
CCCCCCCCCCCCCCCCCCCCCC(=O)OC[C@@H](COC(=O)CCCCCCC/C=C\C/C=C\CCCCC)OC(=O)CCCCCC/C=C\C/C=C\C/C=C\CCCCC,257.55883140555017
CCCCCCCCC=CCCCCCCCC(=O)OCC(COP(=O)(O)OCC(CO)O)OC(=O)CCCCCCCCCC=CCC=CCC=CCC,103.23023744140612
CCCCCCCCCCCCCC(CCCCCCCC(=O)O)OC(=O)CCC,86.3349010958312
CCC=CCC=CCC=CCCCCCCCC(=O)OCC(COC(=O)CCCCCCCCCCCCCC)OC(=O)CCCCCCCC=CCC=CCCCCC,223.197713571074
CC(C)COC(=O)C1=CC=CC=C1C(=O)O,29.44542663639488
C1=NC(=C2C(=N1)N(C=N2)C3C(C(C(O3)COP(=O)(O)OP(=O)(O)OCC4C(C(C(O4)O)O)O)O)O)N,8.187080660127815
C1CCNC(C1)CNC(=O)C2=C(C=CC(=C2)OCC(F)(F)F)OCC(F)(F)F,11.672199259342763
CCCCCCCCCCCCCCCC(=O)OCC(COP(=O)(O)OCCN)OC(=O)CCCCCCCCC=CCC=CCC=CCC=CCC,135.46650751466578
C1CC(=O)NC2=C1C=CC(=C2)OCCCCN3CCN(CC3)C4=C(C(=CC=C4)Cl)Cl,13.143104818119712
CC(CC(=O)OC(CC(=O)[O-])C[N+](C)(C)C)O,9.964982733494848
CCCCCCCCCCCCCCCCCC(=O)OC(C)CCCCCCCCCCCCCCCC(=O)O,160.0220451073501
C1=CC=C(C=C1)CC(C(=O)O)N,10.456673515657997
CCCCCC=CCC=CCCCCCCCC(=O)OCC(O)COP(=O)(O)OCCNC(=O)CCCCCCCCCCCCCCCCC,124.374568277655
CCC(=O)CCC(=O)O,9.032436721073886
CCCCCCCCCCCCCCCCCCCCCC(O)C(=O)NC(CO)C(O)C(O)CCCCCCCCCCCCCCCC,193.83975487542844
CCCCCCC=CCCCCCCCC(=O)OC(COC(=O)CCCCCCCC=CCCCCCCCC)COP(=O)(O)OCC(O)COP(=O)(O)OCC(COC(=O)CCCCCCCC=CCCCCCCCC)OC(=O)CCCCCCCCCCCCCCC,210.97354151723223
CCCCCC=CCC=CCC=CCC=CCCCC(=O)OCC(O)COP(=O)(O)OCCNC(=O)CCCCCCCC=CCCCCCCCC,114.116436188748
CCCCCCCCC=CCCCCCCCC(=O)NCCOP(=O)(O)OCC(O)COC(=O)CCCCCCCCCCCCCCC,106.08309575403663
CCCCCCCCCCCCCCCCCCCCCC(=O)NC(COP(=O)([O-])OCC[N+](C)(C)C)C(CCCCCCCCCCCCCCC)O,175.7044819694826
CCCCCCCCCCCCCCCCCCC(C(=O)NC(CO)C(C=CCCCCCCCCCCCCC)O)O,156.24649993679492
CC(=O)CCCCCCC(=O)O,34.32287478482505
CCCCCCCCCCCCCCCCC(=O)OC[C@H](COP(=O)([O-])OCC[N+](C)(C)C)OC(=O)CCCCCCC/C=C\C/C=C\C/C=C\CC,125.39278292985772
CC1=CN=C(C(=C1OC)C)CS(=O)(=O)C2=NC3=C(N2)C=C(C=C3)OC,12.449632396777444
CCCCCCCCCCCCCCCC(=O)OC/C=C(\C)/C=C/C=C(\C)/C=C/C1=C(CCCC1(C)C)C,187.43006085147752
CCCCCCCCCCC=CCCCCCCCCCCCC(=O)NC(COC1OC(CO)C(OC2OC(CO)C(O)C(O)C2O)C(O)C1O)C(O)C=CCCCCCCCCCCCCC,168.17579995130586
CCCCCCCC=CCC=CCC=CCCCCCCCCCCCCC(=O)OC(COCCCCCCCCCCCC)COP(=O)([O-])OCC[N+](C)(C)C,167.59885473100397
CCCCCCCCCCCCCC(=O)OC[C@H](COC(=O)CCCCCCCCC)OC(=O)CCCCCCCCC,176.47721956800578
C12=C(NC(=O)N1)NC(=O)NC2=O,8.891425892010313
CC(C)CC1=CC=C(C=C1)C(C)C(=O)OC2C(C(C(C(O2)C(=O)O)O)O)O,9.318788343380705
CCCCCC=CCC=CCCCCCCCC(=O)OC(COC(=O)CCCCCCCC=CCCCCCCCC)COP(=O)(O)OC,114.02188292402872
C1=CC(=CC(=C1)OS(=O)(=O)O)CCC(=O)O,9.124283767602272
C1CN(CCN1CCOCCO)C2=NC3=CC=CC=C3S(=O)C4=CC=CC=C42,12.205145823334297
CCC=CCC=CCC=CCC=CCCCCCCC(=O)OC(COC(=O)CCCCCCCCCCCCCCCCC)COC1OC(CO)C(O)C(O)C1O,137.5614090022662
CCCCCC=CCC=CCC=CCC=CCCCC(=O)OCC(O)COP(=O)(O)OCCNC(=O)CCCCCCCCCC=CCC=CCCCCC,112.09091857083708
CCCCCCCCCCCC(=O)OCC(O)COP(=O)(O)OCC(O)CO,12.607498105272308
CCCCCC=CCCCCCCCC=CCCCC(=O)O,70.7706826122824
CCCCCCCCC=CCCCCCCCCCCCC(=O)OCC(COP(=O)(O)OCCN)OC(=O)CCCCCCCC=CCCCCCCCC,167.5252158920136
CCCCCC=CCC=CCCCCCCCC(=O)OCCCCCCCCCCCC=CCC=CCCCCCCCCCCCCCCCCCC(=O)NC(CO)C(O)C=CCCCCCCCCCCCCCC,254.00684497288592
[2H]C([2H])(OC(=O)CCCCCCCC=CCCCCCCCC)C([2H])(OC(=O)CCCCCCCCCCC=CCC=CCCCCC)C([2H])([2H])OC(=O)CCCCCCCC=CCCCCCCCC,251.40000000000003
CC(=O)NC1C(C(C(OC1OP(=O)(O)OP(=O)(O)OCC2C(C(C(O2)N3C=CC(=O)NC3=O)O)O)CO)O)O,7.471853298751879
CCCCCCCCCCCCCCCCCCOS(=O)(=O)O,48.99278847282878
CCCCCC=CCC=CCCCCCCCC(=O)OC(COC(=O)CCCCCCCC=CCCCCCCCC)COP(=O)(O)OCC,115.79865927360458
CCCCCCCCCCCCCCCCCC(=O)OCC(COP(=O)(O)OC1C(C(C(C(C1O)O)O)O)O)OC(=O)CCCCCC=CCC=CCC=CCC=CCC=CCC,115.47870505217423
CCCCC(C)(C)C(C=CC1C=CC(=O)C1CC=CCCCC(=O)O)O,26.617767557987428
CCCCCC=CCC=CCC=CCCCCCCCCC(=O)OCC(O)COP(=O)([O-])OCC[N+](C)(C)C,50.37130908691638
CCC=CCC1C(CCC1=O)CC(=O)OC,13.826385690322097
CC(=O)CC(c1ccccc1)c1c(O)oc2ccccc2c1=O,14.235191034836111
CCCCCCCCC=CCCCCCCCCOCC(COP(=O)([O-])OCC[N+](C)(C)C)OC(=O)CCCCCCCCCCCCCC,125.02199567801244
C(COCCOCCOCCOCCO)O,11.803774747532044
CCCCCCCC/C=C\CCCCCCCC(=O)OC[C@@H](COC(=O)CCCCCCC/C=C\CCCCCC)OC(=O)CCCCCCC/C=C\CCCCCCCC,233.94345563565065
CCCCCC=CCC=CCCCCCCCC(=O)OCC(COP(=O)(O)O)OC(=O)CCCCCCCC=CCC=CCCCCC,103.92432078737806
CCCCCCCCCCCCCCCC(=O)OCC(CO)OC(=O)CCCCCCCCCCCCCCC,168.0746994053472
[2H]C([2H])(OC(=O)CCCCCCCC=CCCCCCCCC)C([2H])(OC(=O)CCCCCCCCC=CCC=CCCCCC)C([2H])([2H])OC(=O)CCCCCCCC=CCCCCCCCC,245.10187607494828
CCCCCC=CCC=CCCCCCCCC(=O)OCCCCCCCCCCCCCCC=CCCCCCCCCCCCCCCCC(=O)NC(CO)C(O)C=CCCCCCCCCCCCCCCC,256.9346417425829
CCC=CCC=CCC=CCC=CCCCCCCCCC(=O)OC(COCCCCCCCCCCCCCCCC)COP(=O)(O)OC1C(O)C(O)C(O)C(O)C1O,115.15397229850085
CCCCCCCCCCCCCCCC(=O)OCC(COP(=O)([O-])OCC[N+](C)(C)C)OC(=O)CCCCCCCCCCCCC,125.42624277651754
CCCCC=CCCCCCCCCOCC(COP(=O)(O)OCC(O)CO)OC(=O)CCCCCCCCCCCCCC,102.03836001884292
CCCCCC=CCC(O)CCCCCCCCC(=O)OC(COC(=O)CCCCCCCC=CCCCCCCCC)COP(=O)([O-])OCC[N+](C)(C)C,97.12252986231972
CCC=CCC=CCC=CCC=CCC=CCC=CCCCCCCCCCCCCCCCCCCCCC(=O)NC(COP(=O)([O-])OCC[N+](C)(C)C)C(O)CCCCC,163.71697830076906
CCCCCCCCCCC=CCCCCCCCCCCCCCCCC(=O)OC(COC(=O)CCCCCCC)COP(=O)(O)OCCN,160.35606453790933
CCCCCC=CCC=CCCCCCCCC(=O)OC(COC(=O)CCCCCCCCCCCCCCC)COP(=O)(O)OC,112.81956087927168
CCCCCCCCCCCCCCCC(=O)OC[C@@H](COC(=O)CCCCCCC/C=C\C/C=C\CCCCC)OC(=O)CCCCCCCCCCCCCCC,241.07037745325013
CCC=CCC=CCC=CCCCCCCCC(=O)OC(COC(=O)CCCCCCCC=CCC=CCCCC)COP(=O)([O-])OCC[N+](C)(C)C,110.6388533842903
CCCCCCCCCCCCCCCCCC(=O)OCC(COP(=O)([O-])OCC[N+](C)(C)C)OC(=O)CCCCCCCCCCCCCCC,149.1406311262474
C1=CC(=CC=C1O)OS(=O)(=O)O,9.047844037987296
CCCCCCCCCCCCCCCCCCCCCOCC(O)COP(=O)([O-])OCC[N+](C)(C)C,92.80429427867992
CCCCCC=CCC=CCCCCCCCC(=O)OC(COC(=O)CCCCCCCCCCCCC)COP(=O)(O)OC,99.28346530640948
CCCCCCCCCCCCCCCCC(O)C(=O)NC(CO)C(O)CCCCCCCCCCCCCCC,151.22532405512956
CCCCCCCCCCCCCCCCCC(=O)OC[C@H](COP(=O)(O)OCCN)OC(=O)CCCCC/C=C\C/C=C\C/C=C\C/C=C\CCCCC,159.80270018938492
CC(C(=O)NCC(=O)O)N,21.382785371668927
CCC=CCC=CCC=CCC=CCCCCCCC(=O)OCC(COP(=O)(O)OCC(O)COP(=O)(O)OCC(COC(=O)CCCCCCC=CCC=CCC=CCC=CCC)OC(=O)CCCCCCCC=CCCCCCCCC)OC(=O)CCCCCCCC=CCCCCCC,199.28336668402025
CCCCCCCCCCCCCCCCCCCCCC(=O)NC(COC1C(C(C(C(O1)CO)OC2C(C(C(C(O2)CO)O)O)O)O)O)C(C=CCCCCCCCCCCCCC)O,169.02070005324515
CCCCCCCCCCCCCCCCCC(=O)OCC(COP(=O)(O)OC1C(C(C(C(C1O)O)O)O)O)OC(=O)CCC=CCC=CCC=CCC=CCC=CCC=CCC,116.1906391132204
CCCCCC=CCC=CCCCCCCCC(=O)OCC(COP(=O)(O)OC)OC(=O)CCCCCCCC=CCC=CCCCCC,104.34665511215236
CCCCCCCCCCCCCCCCCC(=O)OCC(COP(=O)(O)OCC(CO)O)OC(=O)CCCCCCCC=CCCCCCCCC,119.5211545701576
[2H]C([2H])(OC(=O)CCCCCCCCCCCCC)C([2H])(OC(=O)CCCCCCCCC=CCCCC)C([2H])([2H])OC(=O)CCCCCCCCCCCCC,216.0
CCCCCCCCCCCCCCCC(=O)OC(COC(=O)CCCCCCCCCCCCCC)COP(=O)(O)OCCN,126.78367643746503
CCC=CCC=CCC=CCC=CCCCCCCCCC(=O)OCC(O)COP(=O)([O-])OCC[N+](C)(C)C,38.11670841000467
CCCCCCCCCCCCCC/C=C\OC[C@@H](COP(=O)([O-])OCC[N+](C)(C)C)OC(=O)CCCC/C=C\C/C=C\C/C=C\CCCCC,120.7462476149741
CCCCCCCCCCCCCCCC(CCCCCCCC(=O)O)OC(=O)CCC,97.60332772160778
C1=COC(C2C1C(C=C2CO)O)OC3C(C(C(C(O3)CO)O)O)O,10.755171823023066
CCCCCCCCCCCCCCCC/C=C\OC[C@H](COP(=O)(O)OCCN)OC(=O)CCCCCC/C=C\C/C=C\C/C=C\CCCCC,158.60161391844198
CCCCCC=CCC=CCC=CC=CC(O)CCCC(=O)OC(COC(=O)CCCCCCCCCCCCCCCCC)COP(=O)([O-])OCC[N+](C)(C)C,110.77523467081352
CC(C)(C)C1=CC=C(C=C1)C(=O)CC(=O)C2=CC=C(C=C2)OC,45.11386355482251
C1CCN2CC3CC(C2C1)CN4C3CCCC4=O,11.491714324607177
CCCCCCCC=CCC=CCC=CCCCCCCCCCCC(=O)NC(COP(=O)([O-])OCC[N+](C)(C)C)C(O)C=CCCC=CCCC=CCCCCCCCCCCC,176.83670692437917
CCC=CCC=CCC=CCC=CCCCCCCCCCOCC(COP(=O)([O-])OCC[N+](C)(C)C)OC(=O)CCCCCCCCCC=CCC=CCC=CCC,149.7332075804709
CCCCCC=CCC=CCCCCCCCC(=O)OCC(COP(=O)(O)OCC(O)COP(=O)(O)OCC(COC(=O)CCCCCCCC=CCC=CCCCCC)OC(=O)CCCCCCCC=CCCCCCC)OC(=O)CCCCCCCC=CCC=CCCCCC,197.0089988983855
CCC=CCC=CCC=CCC=CCCCCCCC(=O)OCC(COP(=O)(O)OC1C(C(C(C(C1O)O)O)O)O)OC(=O)CCCCCCC=CCC=CCC=CCC=CCC,94.49089090757158
CCC=CCC=CCC=CCC=CCCCCCCC(=O)OC(COC(=O)CCCCCCCCCCCCCCCCC)COP(=O)(O)OCC,125.8475320369399
CCCCCCCCCCCCCCCCCCCC(O)C(=O)NC(COC1OC(CO)C(O)C(O)C1O)C(O)C(O)CCCCCCCCCCCCCC,149.96414892751716
CCC=CCC=CCC=CCCCCCCCC(=O)OC,40.73266873796955
CCC=CCC=CCC=CCC=CCC=CCCCCCC(=O)OC(COCCCCCCCCCCCCCCCC)COP(=O)(O)OC1C(O)C(O)C(O)C(O)C1O,114.43583251676208
CCCCCC=CCC=CCCCCCCCC(=O)O,43.41782395404755
CCCCCC=CCC=CC=CC(CC=CCCCC(=O)O)O,28.43260112127752
CCC=CCC=CCC=CCC=CCC=CCC=CCCCCCCCCCCCCC(=O)NC(CO)C(O)C=CCCCCCCCCCCCCC,175.4212791290409
CCCCCCCCCCCCCCCCC(=O)N[C@@H](COP(=O)([O-])OCC[N+](C)(C)C)[C@@H](/C=C/CCCCCCCCCCCCC)O,131.62732639972768
CCCCCCCCC=CCCCCCCCC(=O)OCC(COP(=O)(O)OCCN)OC(=O)CCCCCCCC=CC=CC=CC=CCCCCCCCC,152.17679869177047
CCCCCCCCCCCCCCC(=O)OC[C@H](COP(=O)([O-])OCC[N+](C)(C)C)OC(=O)CCCCCCC/C=C\C/C=C\CCCCC,122.25187996003662
CCCCCCCCCCCCCCCCCC(=O)NC(COC1C(C(C(C(O1)CO)OC2C(C(C(C(O2)CO)OC3C(C(C(C(O3)CO)O)OC4C(C(C(C(O4)CO)O)O)O)CC(=O)C)OC5(CC(C(C(O5)C(C(CO)OC6(CC(C(C(O6)C(C(CO)O)O)NC(=O)C)O)C(=O)O)O)NC(=O)C)O)C(=O)O)O)O)O)C(C=CCCCCCCCCCCCCC)O,97.68324457104532
CCC=CCC=CCC=CCC=CCC=CCC=CCCC(=O)OC(COC(=O)CCCCCCCCCCCCCCCCCCCCCC=CCCCCCCCCCC)COP(=O)([O-])OCC[N+](C)(C)C,219.9584843250793
CCCCC=CCCCCCCCC(=O)OCC(COP(=O)([O-])OCC[N+](C)(C)C)OC(=O)CCCCCCCCCC=CCC=CCCCCC,117.80813316950552
CC(C)C(C)CCC(C)C1CCC2C3CC=C4CC(OS(=O)(=O)O)CCC4(C)C3CCC12C,74.33083138850549
CCCCCCCCCCCCCCCCCC(=O)OC(COC(=O)CCCCCCCCCCCCCCC)COP(=O)(O)OC,133.3358794790471
CCCCCCCCCCCCCCCCCCC(=O)OCC(COP(=O)([O-])OCC[N+](C)(C)C)OC(=O)CCC=CCC=CCC=CCC=CCC=CCC=CCC,139.79557297648105
CCC=CCC=CCC=CCC=CCC=CCC=CCCC(=O)OC1CCC2(C)C(=CCC3C2CCC2(C)C(C(C)CCCC(C)C)CCC32)C1,227.7974381607218
CC(C)(CO)C(C(=O)NCCC(=O)NCCS)O,10.367476482437986
CCCCCC=CCC=CCCCCCCCC(=O)NCCOP(=O)(O)OCC(O)COC(=O)CCCCCCCCCCCCCCC,97.14469370283923
CCCCC/C=C\C/C=C\CCCCCCCC(=O)OC[C@H](COC(=O)CCCCCCC/C=C\C/C=C\C/C=C\CC)OC(=O)CCCCCCC/C=C\C/C=C\CCCCC,219.39699091991875
CCC=CCC=CCC=CCC=CCCCCCCCCCCCCCCC(=O)OC(COC(=O)CCCCCCC)COP(=O)(O)OCCN,123.72964763344557
CCCCCCC=CCCCCCCCC(=O)OC(COCCCCC=CC=CC=CC=CC=CC=CCCCCCC)COP(=O)(O)OCCN,126.32479657035832
CCCCCCCCCCCCCCCC(=O)OC[C@H](COP(=O)([O-])OCC[N+](C)(C)C)OC(=O)CCCCCCC/C=C/C/C=C/CCCCC,123.47779476268036
CCCCCCCCCCCCCCCCCCCCCC(=O)OCC(O)COP(=O)(O)OCCN,87.74611811137208
C=CCC1=C(C=CC(=C1)S(=O)(=O)C2=CC(=C(C=C2)O)CC=C)O,11.855684917375084
CCCCCCCCC=CCCCCCCCC(=O)OCC(COP(=O)(O)OCCN)OC(=O)CCCCCCCC=CC=CC(CCCCC)O,93.89883874846603
CCC=CCC=CCC=CCC=CCCCCCCC(=O)OCC(COP(=O)(O)OCC(O)COP(=O)(O)OCC(COC(=O)CCCCCCCC=CCCCCCCCC)OC(=O)CCCCCCCC=CCCCCCC)OC(=O)CCCCCCCC=CCCCCCC,199.5416707488185
CCC=CCC=CCC=CCC=CCCCCCCC(=O)OC(COCCCCCCCCCCCCCCCCCCCCCCCC)COP(=O)([O-])OCC[N+](C)(C)C,184.7234906952563
CCC=CCC=CCC=CCCCCCCCCOCC(O)COP(=O)([O-])OCC[N+](C)(C)C,33.646819718232315
CC/C=C\C/C=C\C/C=C\C/C=C\C/C=C\CCCCCC(=O)O[C@H](COC(=O)CCC/C=C\C/C=C\C/C=C\C/C=C\C/C=C\CC)COP(=O)([O-])OCC[N+](C)(C)C,110.2818269477584
CCCCCC=CC=CCCCCCCCCC(=O)NC(CO)C(O)C(O)CCCCCCCCCCCCCC,118.4424813975536
CCC=CCC=CCC=CCC=CCC=CCC=CCCC(=O)OCC(COP(=O)(O)OCC(O)COP(=O)(O)OCC(COC(=O)CCCCCCCC=CCC=CCCCCC)OC(=O)CCCCCCCC=CCC=CCCCCC)OC(=O)CCCCCCCC=CCC=CCCCCC,193.02144759910243
CCCCCCCCCCCCCCCCCCOCC(O)COP(=O)(O)OCCN,62.91936390345195
CC=CCCC=CCCC=CCCCC(O)C(O)C(COP(=O)([O-])OCC[N+](C)(C)C)NC(=O)CCCCCCCCCCCC=CCC=CCCCCCCC,150.75714280117117
C[N+](C)(C)CCCCC(=O)[O-],11.49475472286538
CCCCC/C=C\C/C=C\C/C=C\C/C=C\CCCC(=O)OC[C@H](COP(=O)([O-])OCC[N+](C)(C)C)OC(=O)CCC/C=C\C/C=C\C/C=C\C/C=C\C/C=C\CC,223.9695769430721
CCCCCCCCC=CCCCCCCCC(=O)OC(COC(=O)CCCCCCCCCCCCCCCCCCCCCCCCC)COP(=O)([O-])OCC[N+](C)(C)C,202.1099182160775
CCCCCCCCCCCCCCCCCC(=O)OCC(COP(=O)(O)OCC(C(=O)O)N)OC(=O)CCCC=CCC=CCC=CCC=CCC=CCC,118.16185916069004
CCCCCCCCCCCC/C=C\OC[C@H](COP(=O)([O-])OCC[N+](C)(C)C)OC(=O)CCCCCCC/C=C\CCCCCCCC,134.0238615975811
CCC=CCC=CCC=CCC=CCCCCCCCCC(=O)OCC(COP(=O)(O)OCC(O)COP(=O)(O)OCC(COC(=O)CCCCCCCCCC=CCC=CCC=CCC)OC(=O)CCCCCCCCCCCCC)OC(=O)CCCCCCCCCCCCC,213.8200117164808
CCCCCCCCCCCCCCCC(C(CO)NC(=O)CCCCCCCCCCCCCCCCC=CCC=CCC)O,171.50385695012835
CCCCCCCCCCC=CCCCCCCCCCCCCCCCCCCCCCC(=O)OC(COC(=O)CCCCCCC)COP(=O)(O)OCCN,199.98685848416636
CC(=O)NC1=CC=C(C=C1)O,11.957387415376571
C1=CC2=C(C=CC=C2N)C(=C1)N,11.381395150874848
CCC=CCC=CCC=CCC=CCC=CCC=CCCCCCCCCCCC(=O)OC(COC(=O)CCCCCCC)COP(=O)(O)OCCN,126.96375485168129
C(C(C(=O)O)N)C(=O)O,8.766337496752728
CCCCCCCCCCCCCCCC(=O)OC(COC(=O)CCCCCCCC=CCC=CCCCCC)COP(=O)(O)OCCN,127.17292126330383
CN1CCN(CC1)C2=NC3=C(C=CC(=C3)Cl)NC4=CC=CC=C42,12.67623040037917
CCCCCCCCCCCCCCCC(=O)OCC(COP(=O)([O-])OCC[N+](C)(C)C)OC(=O)CCCC=CCC=CC=CC(O)CCCCCCCC,94.48187797749138
CCC=CCC=CCC=CCC=CCC=CCC=CCCC(=O)OCC(COP(=O)(O)OCC(C(=O)O)N)OC(=O)CCC=CCC=CCC=CCC=CCC=CCC=CCC,91.00231147648005
CCCCCCCCCCCCCC(=O)OC[C@@H](COC(=O)CCCCCCC/C=C\CCCCCCCC)OC(=O)CCCCCCCCCCCCC,232.52201362402724
CCCCC(CC)C(=O)OCCOCCOCCOC(=O)C(CC)CCCC,58.3681892510701
CCCCCCCCCCCCCCCCCCCCCCOCC(COP(=O)([O-])OCC[N+](C)(C)C)OC(=O)CCCCCCCCCCCCCCC,182.15970874233756
C1=CC(=C(C=C1C2=C(C(=O)C3=C(C=C(C=C3O2)O)O)O)O)O,10.151222778820506
CC1(CC(CC(N1C)(C)C)OC(=O)CCCCCCCCC(=O)OC2CC(N(C(C2)(C)C)C)(C)C)C,11.605084576227307
CCC=CCC=CCC=CCC=CCCCCCCCCCCC(=O)OC(COC(=O)CCCCCCCC=CCCCC)COP(=O)(O)OC1C(O)C(O)C(O)C(O)C1O,115.67069911718367
CCCCCCCCCCCCCCCC(=O)OCC(COP(=O)([O-])OCC[N+](C)(C)C)OC(=O)CCCC=CCC(C=CC=CCC=CCCCCC)O,98.2688207087732
C1CCC(CC1)C(CCN2CCCC2)(C3=CC=CC=C3)O,13.585177489482495
CCCCCCCCCCCCCCCC(=O)OC[C@@H](COC(=O)CC/C=C\C/C=C\C/C=C\C/C=C\C/C=C\C/C=C\CC)OC(=O)CCCCCCCCCCCCCCC,235.82216745531252
[2H]C([2H])(O)[C]([2H])(OC(=O)CCCCCCCCCC=CCC=CCC=CCC)C([2H])([2H])OC(=O)CCCCCCCCCCCCCCCC,170.39999999999998
CCCCCCCCCCCC(CCCCCCCC(=O)O)OC(=O)CCC,74.37436377973508
CCCCCC=CCC=CCCCCCCCC(=O)OCCCCCCCCCCCCCCC=CCCCCCCCCCCCCCCCCCC(=O)NC(CO)C(O)C=CCCCCCCCCCCCCCCC,264.0658823546685
C1=C(C(=C(C(=C1Cl)Cl)Cl)O)Cl,11.53450556469713
CCCCCC=CCC=CCCCCCCCC(=O)OCC(COP(=O)(O)OCC(O)COP(=O)(O)OCC(COC(=O)CCCCCCCC=CCCCCCCCC)OC(=O)CCCCCCCC=CCCCCCC)OC(=O)CCCCCCCC=CCCCCCC,203.7974694800117
CCCCCCCCCCCCCCC=CCCCCCCCCCC(=O)NC(COC1OC(CO)C(OC2OC(CO)C(O)C(OC3(C(=O)O)CC(O)C(NC(C)=O)C(C(O)C(O)CO)O3)C2O)C(O)C1O)C(O)CCCCCCCCCCC,134.56509019362568
CCCCCCCCCCCCCCCCCC(=O)OCC(COP(=O)(O)OCC(C(=O)O)N)OC(=O)CCCCCC=CCC=CCC=CCC=CCC=CCC,115.1988386267101
CCCCCC=CCC=CCCCCCCCC(=O)OCC(COP(=O)([O-])OCC[N+](C)(C)C)OC(=O)CCCCCCCC=CCC=CCCCCC,126.86441008851712
CCC=CCC=CCC=CCC=CCCCCCCC(=O)OC(COCCCCCCCCCCCCC=CCC=CCCCCC)COP(=O)([O-])OCC[N+](C)(C)C,155.95300128053464
CN1C2CCC1C(C(C2)OC(=O)C3=CC=CC=C3)C(=O)O,11.249124294961344
CCCCCCCCCCCCCCCCCC(=O)NC(CO)C(C(CCCCCCCCCCCCCC)O)O,141.60681256940674
CCC=CCC=CCC=CCC=CCC=CCCCC(=O)OC(COC(=O)CCCCCCCCCCCCCCC)COC1OC(CO)C(O)C(O)C1O,114.2353800983994
CCCCCCCCCCCCCCCCCCCCCCC(=O)OCC(O)COP(=O)([O-])OCC[N+](C)(C)C,95.22885581012586
CCCCCCCCCCCCCCCCCCCCCCCCC(O)C(=O)NC(COC1OC(CO)C(O)C(O)C1O)C(O)C(O)CCCCCCCCCCCCCCCCCC,215.40459213518344
CCCCCCCCCCCCCCCCCC(=O)OCC(COP(=O)(O)OCC(C(=O)O)N)OC(=O)CCCCCCCC=CCC=CCCCCC,117.75534373128625
C1=CC(=C(C=C1CCC(=O)O)O)O,8.609005781527642
CCC=CCC=CCC=CCC=CCC=CCC=CCCCCC(=O)OCC(O)COP(=O)([O-])OCC[N+](C)(C)C,34.18027535025509
CCCCCCCCCCCCCCCCCCOC(=O)CCC(=O)O,76.0087602672933
CC(C=O)OC1=CC=CC=C1,36.2860916928956
CCCCCCCCCCCCCCCCCCCC(=O)OCC(COP(=O)([O-])OCC[N+](C)(C)C)OC(=O)CCCCCCC=CCC=CCC=CCC=CCC,153.60764768055387
C(CCCCCC(=O)N)CCCCC(=O)N,11.803774747532044
CC(C)C1=C(C(=CC=C1)C(C)C)OC2C(C(C(C(O2)C(=O)O)O)O)O,8.972578947516979
CCC=CCC=CCC=CCC=CCC=CCC=CCCC(=O)OCC(COC(=O)CCCCCCCC=CCCCCCCCC)OC(=O)CCCCCCCC=CCCCCCCCC,227.93709952126147
[2H]C([2H])(O)[C]([2H])(OC(=O)CCCCCC=CCC=CCC=CCC=CCCCCC)C([2H])([2H])OC(=O)CCCCCCCCCCCCCCCC,174.0
CCCCCC1=CC(=C2C3C=C(CCC3C(OC2=C1)(C)C)C)O,15.558786662970428
CCCCCCCCCCCCCC(=O)OCC(O)COP(=O)(O)OCC(O)CO,14.93406888840175
C(COCCOCCOCCOCCOCCOCCOCCOCCOCCOCCOCCOCCOCCO)O,11.136587504776497
CCCCCCCCCCC=CCCCCCCCCCCCC(=O)NC(CO)C(O)CCCCCCCCCCCCCCC,183.7466865908768
CCCCCCCCCCCCCCCCC(=O)OC[C@H](COC(=O)CCCCCCC/C=C\C/C=C\C/C=C\CC)OC(=O)CCCCCCC/C=C\CCCCCCCC,238.3187185084047
CCC=CCC=CCC=CCC=CCC=CCCCC(=O)OCC(COC(=O)CCCCCCCCCCCCC)OC(=O)CCCC=CCC=CCC=CCC=CCC=CCC,203.09906159082345
CCCCCC=CCC=CCCCCCCCC(=O)OCCCCCCCCCCCCCCC=CCCCCCCCCCCCCCCCC(=O)NC(CO)C(O)C=CCCCCCCCCCCCCCC,253.3192780552344
CCC=CCC=CCC=CCC=CCC=CCCCCCCCCCCCC(=O)OC(COCCCCCCCCCCCCC)COP(=O)([O-])OCC[N+](C)(C)C,155.02315528701016
CCCCC=CCCCCCCCC(=O)OC(CC(=O)O)C[N+](C)(C)C,17.680222812615362
CCCCCCCCCCCCCCCC(=O)OCC(COP(=O)([O-])OCC[N+](C)(C)C)OC(=O)CCC=CCC=CCC=CCC=CCC=CCC1C(O1)CC,91.2122648356166
CCC=CCC=CCC=CCCCCCCCC(=O)OC(COC(=O)CCCCCCCC=CCCCCCC)COP(=O)([O-])OCC[N+](C)(C)C,114.57129096837674
CCCCCCCCCCCCCCC=CCCCCCCCCC(O)C(=O)NC(COC1OC(CO)C(O)C(OS(=O)(=O)O)C1O)C(O)CCCCC,100.54326136363711
CCC=CCC=CCC=CCC=CCCCCCCCCCCC(=O)OC(COC(=O)CCCCCCCCCCCCCCCCC)COP(=O)([O-])OCC[N+](C)(C)C,154.89904828638203
CCCCCC=CCC=CCCCCCCCC(=O)OCC(COP(=O)(O)OCC(CO)OC(=O)CCCCCCCCCCCCCCC)OC(=O)CCCCCCCC=CCCCCCCCC,177.51217452580644
C[n+]1cccc(C(=N)O)c1,13.701966255596696
CCCCCCCCCCCCCC(=O)OC[C@H](COP(=O)([O-])OCC[N+](C)(C)C)OC(=O)CCC/C=C\C/C=C\C/C=C\C/C=C\C/C=C\CC,104.35282019988333
CCCCCC=CCC=CCCCCCCCC(=O)OC(COC(=O)CCCCCCCCCCCCCCCCC)COP(=O)(O)OCC,129.08509175703108
CCC=CCC=CCC=CCC=CCC=CCCCCCCCCCCCCCC(=O)NC(COP(=O)([O-])OCC[N+](C)(C)C)C(O)C(O)CCCC=CCCCCCCCCC,152.98856762464703
CCCCCCCCCCCCCC=CC(C(COP(=O)([O-])OCC[N+](C)(C)C)NC(=O)CCCCCCCCCCCCCC=CCCCCCCCC)O,166.2
C1=CC=C2C(=C1)C(=CN2)CC(C(=O)O)N,9.120367856649002
CCCCCC(C=CC1C(CC(=O)C1CC=CCCCC(=O)O)O)O,8.990510687231808
CCCCCCCCCCCCCCCCC(=O)OC[C@@H](COC(=O)CCCCCCCCCCCCCCC)OC(=O)CCCCCCCCCCCCCCC,251.8251131606561
CN(C)CC(C1=CC=C(C=C1)OC)C2(CCCCC2)O,12.455405125603738
CCCCC=CCCC=CC(O)C(COP(=O)([O-])OCC[N+](C)(C)C)NC(=O)CCCCCCCCCCCCCC=CCC=CCCCCCCC,119.86603327821685
CCCCCC=CCC=CCC=CCCCCCCCCC(=O)NC(COP(=O)([O-])OCC[N+](C)(C)C)C(O)CCCCCCCCCCCCCCCCC,149.09842382451205
CCCCCC(C(C(=O)O)O)O,8.434245110977404
CCCCCCCCCCCCCCCCCCNCCO,60.374570388915075
CCCCCCCCCCCCCCCC(=O)OCC(COP(=O)([O-])OCC[N+](C)(C)C)OC(=O)CCCCCCCCC=CCC=CCC=CCC=CCC,132.89566079776213
CCCCCCCCCCCCCCCCCC(=O)NCCO,76.87921703455591
CCCCCCCCCCCCCCC(=O)O[C@@H](COC(=O)CCCCCCCCCCCCC)COC(=O)CCCCCCCCC/C=C\CCCCCC,236.6438358020585
CCCCCC=CCC=CCCCCCCCCCCCC(=O)NC(CO)C(O)C=CCCCCCCCCCCCCC,153.3593284655669
CCC=CCC=CCC=CCC=CCC=CCC=CCCC(=O)OCC(COP(=O)(O)OCC(O)COP(=O)(O)OCC(COC(=O)CCCCCCCC=CCC=CCCCCC)OC(=O)CCCCCCCC=CCCCCCCCC)OC(=O)CCCCCCCC=CCC=CCCCCC,199.91859066020555
CCCCCCCCCCCC(CCCCCCCC(=O)O)OC(C)=O,57.60889878916913
CCC=CCC=CCC=CCC=CCCCCCCCCC(=O)OCC(COP(=O)(O)OCC(O)COP(=O)(O)OCC(COC(=O)CCCCCCC=CCC=CCC=CCC=CCC)OC(=O)CCCCCCCC=CCCCCCCCC)OC(=O)CCCCCCCC=CCCCCCCCC,213.5632297017426
CCCCCCCCCCC=CCCCCCCCCCCCCCC(=O)OC(COCCCCCCCCCCCCCCCC)COP(=O)([O-])OCC[N+](C)(C)C,206.01334659954455
CCCCCCC=CCC=CCCCCCCCCCC(=O)OC(COC(=O)CCCCCCCC=CCCCCCCC)COP(=O)([O-])OCC[N+](C)(C)C,153.21187220765987
CCCCCCCCCCCCCCCC(=O)OC(CCCC)CCCC(=O)O,74.4819574248691
CCCCCCCCCCCCCCCCCCCC(=O)NC(COP(=O)([O-])OCC[N+](C)(C)C)C(C=CCCCCCCCCCCCCC)O,148.71463940402393
CC(C)(C1=CC=CC=C1CCC(C2=CC=CC(=C2)C=CC3=NC4=C(C=CC(=C4)Cl)C=C3)SCC5(CC5)CC(=O)O)O,42.25384908673857
CCCCCC=CCC=CCC=CC=CC(CCCC(=O)O)O,17.304108088024524
CCCCCCCCCCCCCCCC(=O)OCC(COP(=O)([O-])OCC[N+](C)(C)C)OC(=O)CCCCCCCC=CCCCCCCCC,136.7723477927659
CCCCCCCCCCCCCC=CC(C(CO)NC(=O)C(CCCCCCCCC=CCCCCCCCCCCCC)O)O,172.2779527812603
C1=CC=C2C(=C1)N=C(S2)S(=O)(=O)O,8.949953305464705
CC[N+](CC)(CC(=O)NC1=C(C=CC=C1C)C)[O-],11.605069497798617
CCCCCCCCCCCCCCCCCC(=O)OC[C@H](CO)OC(=O)CCCCCC/C=C\C/C=C\C/C=C\CCCCC,158.02908161391483
CCCCCC=CCC=CCCCCCCCC(=O)OCCCCCCCCCCCCCCC=CCCCCCCCCCCCCCCCCC(=O)NC(CO)C(O)C=CCCCCCCCCCCCCCCC,260.5765106765707
CCCCCCCCC=CCCCCCCCC(=O)OC(COC(=O)CCCCCCCCCCCCCCC)COC(=O)CCCCCCCCCCCCCCCCCCCC,265.26836688603754
[2H]C([2H])(O)[C]([2H])(OC(=O)CCCCCCCC=CCCCCCC)C([2H])([2H])OC(=O)CCCCCCCCCCCCCCCC,163.8
CCCCCC=CCC=CCCCCCCCC(=O)OCCCCCCCCCCCC=CCC=CCCCCCCCCCCCCCCCCCC(=O)NC(CO)C(O)C=CCCCCCCCCCCCCCCC,257.861252352885
CCCCCCCCCCCCCCCCCC(=O)OCC(COP(=O)(O)OCC(C(=O)O)N)OC(=O)CCC=CCC=CCC=CCC=CCC=CCC=CCC,116.42251004173136
CCCCCCCCS(=O)(=O)O,9.182831095527446
CCCCCC=CCC=CCCCCCCCC(=O)OCCCCCCCCCCCC=CCC=CCCCCCCCCCCCCCCCC(=O)NC(CO)C(O)C=CCCCCCCCCCCCCC,243.1214845061517
CCCCCC=CCC=CCCCCCCCC(=O)OC(COC(=O)CCCCCCCC=CCCCCCCCC)COC(=O)CCCCCCCCCCCCCCCCCCCCCCCC=CCCCCCCCCCC,271.69961579095104
CCCCCCCC(C)(C)C1=CC(=C(C=C1)C2CCCC(C2)O)O,113.46616955438348
CCCCCCCCC=CCCCCCCCC(=O)OC(COC(=O)CCCCCCCCCCCCCCCCCCCCCC)COP(=O)(O)OCCN,186.5938660195172
CCCCCCCCC1C(O1)CCCCCCCC(=O)O,15.053547620764611
C1=CC=C(C(=C1)C(=O)C2=CC=C(C=C2)Br)C(=O)O,9.103112357143596
CCCCCCCCCC=CCCCC(O)C(O)C(COP(=O)([O-])OCC[N+](C)(C)C)NC(=O)CCCCCCCCCCCCCCC,119.19853748141972
CCCCCCCCCCC=CCCC=CC(O)C(COP(=O)([O-])OCC[N+](C)(C)C)NC(=O)CCCCCCCCCCCCCCCCCCCCCCCCC,173.74511777156692
CCCCCCCCCCCCCC(=O)OC(COC(=O)CCCCCCCC=CCCCCCCCC)COP(=O)([O-])OCC[N+](C)(C)C,126.5632383626573
CC(C12CC3CC(C1)CC(C3)C2)N,12.470359158335684
CCCCCCCCCCCC=CC(OC(=O)CCCCCCCCCCCCCCC)C(COP(=O)([O-])OCC[N+](C)(C)C)NC(=O)CCCCCCCCCCCCCCCCCCCCCCCCC,245.5251516335959
CCCCCCCC=CCC=CCC=CCCCCCCCCC(=O)NC(COP(=O)([O-])OCC[N+](C)(C)C)C(O)CCCCCCCCCCCCCCCCC,170.76736278160598
CCCCCCCCC=CCCCCCCCC(=O)OC(COCCCCCCCCCCCCCCCCCCCCCCCC)COP(=O)([O-])OCC[N+](C)(C)C,198.74703803068084
CCC=CCC=CCC=CCC=CCC=CCC=CCC=CCCCCCCCC(=O)OC(COC(=O)CCCCCCC)COP(=O)(O)OCCN,115.45403589098056
CCC=CCC=CCC=CCC=CCCCCCCC(=O)OCC(COP(=O)(O)OCC(O)COP(=O)(O)OCC(COC(=O)CCCCCCC=CCC=CCC=CCC=CCC)OC(=O)CCCCCCCC=CCCCCCC)OC(=O)CCCCCCCC=CCC=CCCCCC,191.11663027383423
CCCCCCCCCCCCCCCCCCCC=CC(O)C(COP(=O)([O-])OCC[N+](C)(C)C)NC(=O)CCCCCCCCCCCCCCCCC,206.32613705110225
CCC=CCC=CCC=CCCCCCCCCCC(=O)OC(COC(=O)CCCCCCCCCCCCCCCCC)COC1OC(CO)C(O)C(O)C1O,142.37956640577158
CC/C=C\C/C=C/C/C=C\C/C=C/C/C=C\C/C=C\CCC(=O)OCC(COC(=O)CC/C=C\C/C=C/C/C=C\C/C=C\C/C=C\C/C=C\CC)OC(=O)CC/C=C\C/C=C\C/C=C\C/C=C\C/C=C\C/C=C\CC  ,204.78881907061276
CCC=CCC=CCC=CCC=CCC=CCC=CCCC(=O)OC(COC(=O)CCCCCC=CCC=CCC=CCC=CCC=CCC)COP(=O)([O-])OCC[N+](C)(C)C,107.69185248108698
CCCCN1C2=CC=CC=C2N=C1N,15.2674320767857
CCC=CCC=CCC=CCC=CCC=CCC=CCCC(=O)OC(COCCCCCCCCC=CCC=CCC=CCC)COP(=O)(O)OCCN,123.04208512994424
CCC=CCC=CCC=CCC=CCCCCCCC(=O)OC(COCCCCCCCCCCCCC=CCCCCCCCC)COP(=O)(O)OCCN,173.1242095171076
C1=CC(=C(C=C1C2C(C(=O)C3=C(C=C(C=C3O2)O)O)O)O)O,9.822920201441692
CCCCCCCC=CCC=CCCCC(CCCCCCCC(=O)O)OC(=O)CCC,78.29365981828128
CCCCCCCC/C=C\CCCCCCCC(=O)OC[C@@H](COC(=O)CCCCCCC/C=C\CCCCCC)OC(=O)CCCCCCC/C=C\CCCCCC,233.53611819820395
CCCCC(CC)COC(=O)C=CC1=CC=C(C=C1)OC,51.787520890340865
C1C(C(C(CC1(C(=O)O)O)OC(=O)C=CC2=CC(=C(C=C2)O)O)O)O,8.280406363784778
C1=CC=C2C(=C1)N=CN2CC3=CC=C(C=C3)C(=N)N,24.48262638059616
CCC=CCC=CCC=CCC=CCC=CCC=CCCC(=O)NC(COP(=O)([O-])OCC[N+](C)(C)C)C(O)C=CCCC=CCCCCCCCCCC,179.20576924291578
CCCCCC=CCC=CCCCCCCCC(=O)OC(COC(=O)CCCCCCCCCCCCCCC)COP(=O)(O)OCC,114.77376651899412
CCC=CCC=CCC=CCC=CCCCCCCC(=O)OC(COC(=O)CCCCCCCC=CCC=CCC=CCC)COP(=O)([O-])OCC[N+](C)(C)C,104.26815164977756
CC1=CN=C(C(=C1OC)C)CSC2=NC3=C(N2)C=C(C=C3)OC,14.517778459021937
CCCCCC=CCC=CCCCCCCCC(=O)OCC(COC(=O)CCCCCCCCCCCCCCCCCCCCCCCCC)OC(=O)CCCCCCCC=CCC=CCCCCC,270.0557884232653
CCCCCCCCCC=CCCCC(O)C(O)C(CO)NC(=O)C(O)CCCCCCCCCCCCCCCCCCCCCCCC,187.2251301936926
C(CC(=O)NC(CSSCC(C(=O)NCC(=O)O)NC(=O)CCC(C(=O)O)N)C(=O)NCC(=O)O)C(C(=O)O)N,8.576941127653976
COC1=C(C=CC(=C1)C=O)O,9.124283767602272
CCCCCCCCCCCCCC=CCCC=CC(C(COP(=O)([O-])OCC[N+](C)(C)C)NC(=O)CCCCCCCCCC=CCC=CCCCCC)O,142.50647324896462
C(CC(C(=O)O)N)CN,9.658443085533287
CCCCCCCCC=CCCCCCCCC(=O)OC(COC(=O)CCCCCCCC=CCCCCCCC)COC(=O)CCCCCCCC=CCC=CCCCCC,245.23299387640137
CCC=CCC=CCC=CCCCCCCCC(=O)OC(COC(=O)CCCCCCCCCCCCCCCCC)COP(=O)(O)OCC(N)C(=O)O,111.27679483083364
CCCCCCCCCCCCCCCCCC(O)C(N)CO,49.44451780363533
CCCCCC=CCC=CCCCCCCCC(=O)OCC(COP(=O)(O)OCC(O)COP(=O)(O)OCC(COC(=O)CCCCCCCC=CCCCCCC)OC(=O)CCCCCCCCCCCCC)OC(=O)CCCCCCCC=CCCCCCC,193.10734280773528
CCCCCC=CCC=CCCCCCCCC(=O)OC(COC(=O)CCCCCCCC=CCCCCCC)COP(=O)(O)OC,102.2533303545463
CCCCCCCCCCCCCCC(=O)OC[C@H](COP(=O)([O-])OCC[N+](C)(C)C)OC(=O)CCCCCCCCCCC/C=C\C/C=C\CCCCC,151.78657014302013
CCCCCCCCCC(=O)CCCC=CC=CC(=O)O,16.621630075851918
CCCC=CCC=CCCCCCCCC(=O)OCCCCCCCCCCCC=CCC=CCCCCCCCCCCCCCCCCCC(=O)NC(CO)C(O)C=CCCCCCCCCCCCCCCC,262.0735076366187
CCCCCCCCCCCCCCCCOCC(COP(=O)([O-])OCC[N+](C)(C)C)O,45.571665683561214
CCCCC/C=C\C/C=C\C/C=C\C/C=C\CCCC(=O)OC[C@H](COC(=O)CCC/C=C\C/C=C\C/C=C\C/C=C\C/C=C\CC)OC(=O)CCC/C=C\C/C=C\C/C=C\C/C=C\C/C=C\CC,199.40881512043205
CCC=CCC=CCC=CCC=CCC=CCC=CCCC(=O)OC(COCCCCCCCCC=CCC=CCCCCC)COP(=O)([O-])OCC[N+](C)(C)C,116.11555980357682
CCCCCCCCC=CCCCCCCCCCCCC(=O)NCCO,79.56655901808753
CCCCCC=CCC=CCCCCCCCC(=O)OC(CC(=O)[O-])C[N+](C)(C)C,31.558782429364843
CCCCCCCCCCCCCCCC(=O)OC[C@H](COP(=O)(O)OC[C@@H](C(=O)O)N)OC(=O)CCC/C=C\C/C=C\C/C=C\C/C=C\CCCCC,118.49615826328062
CC(=CCC1=C(C(=C(C=C1O)OC)C(=O)C=CC2=CC=C(C=C2)O)O)C,15.968928973936938
CCCCCC=CCC=CCCCCCCCC(=O)OCC(COC1C(C(C(C(O1)CO)O)O)O)OC(=O)CCCCCCCC=CCC=CCCCCC,124.67033703841447
CCCCCCCCCCCCCCC(=O)N[C@@H](COP(=O)([O-])OCC[N+](C)(C)C)[C@@H](/C=C/CCCCCCCCCCCCC)O,116.36647741398868
CCCCCC=CCC=CCCCCCCCC(=O)NC(CO)C(O)CCCCCCCCCCCCCCC,131.1311306869866
CCCCCCCCSC1=NC(=NC(=N1)NC2=CC(=C(C(=C2)C(C)(C)C)O)C(C)(C)C)SCCCCCCCC,141.8782749097905
CCCCCCCCCCCCCCCC(=O)OC(COC=CCCCCCCCCCCCCCC)COP(=O)(O)OCCN,151.4029577224188
CCCCCCCCCCCCCCCCCCCCCC(=O)OC[C@@H](COC(=O)CCCCCCCCCCCCCCCCC)OC(=O)CCCCCCC/C=C\CCCCCCCC,279.47341571544234
C1=CC(=C(C=C1O)C(=O)O)O,8.895066151930443
CCCCCCCCCCCCCCCCC(=O)OCC(COP(=O)(O)OCCN)OC(=O)CCCCCCC=CCC=CCC=CCC=CCC,132.48306718985336
C1=NC(=C2C(=N1)N(C=N2)C3C(C(C(O3)CO)O)O)NC(CC(=O)O)C(=O)O,8.799610417042636
CCCCCCCCCCCC(=O)NCCC[N+](C)(C)[O-],16.035444305896192
CCCCCC=CCC=CCCCCCCCC(=O)OC1C(OCC(COC(=O)CCCCCCCCCCCCCCC)OC(=O)CCCCCCCCCCCCCCC)OC(C(=O)O)C(O)C1O,177.83006865675017
CCCCCCCCCCCCCCCCCCCC(=O)OCC(COP(=O)(O)OCCN)OC(=O)CCCCCCCC=CCCCCCCCC,167.47286691975384
CCCCCC=CC=CC(CCCCCCCCCC(=O)O)O,22.73490658515994
CCCCCCCCCCCC(CCCCCCCC(=O)O)OC(=O)CC,65.80798083324409
CCC=CCC=CCC=CCC=CCC=CCC=CCCC(=O)OCC(COP(=O)(O)OCC(O)COP(=O)(O)OCC(COC(=O)CCCCCCCCCC=CCC=CCC=CCC)OC(=O)CCCCCCCC=CCCCCCCCC)OC(=O)CCCCCCCC=CCCCCCCCC,204.23372229473412
CCCCCCCCCCCCCCCC=CC(C(CO)NC(=O)CCCCCCCCCCCCCC=CCCCCCCCCCCCCCC)O,227.17906711795453
CCCCCC=CC=CCCCCCCCCC(=O)OCC(O)COP(=O)(O)OCC(O)COP(=O)(O)OCC(O)COC(=O)CCCCCCCCC=CC=CCCCCC,78.7126835176714
CNCCCC1(C2=C(CO1)C=C(C=C2)C#N)C3=CC=C(C=C3)F,12.427697115324348
CCC=CCC=CCC=CCC=CCC=CCC=CCCC(=O)OC(COC(=O)CCCCCCCCCCCCCCC)COC1OC(CO)C(O)C(O)C1O,117.56272679391957
CCCCCCCCCCCCCCCC(=O)OCC(O)COP(=O)(O)OCC(O)COP(=O)(O)OCC(O)COC(=O)CCCCCCCCCCCCCCC,85.16092076345949
CN(C)C1=CC=C(C=C1)C(=C2C=CC(=[N+](C)C)C=C2)C3=CC=C(C=C3)N(C)C,14.843145447016791
CCCCCCCCCCCCCCC(=O)OC[C@@H](COC(=O)CCCCCCCCCCC)OC(=O)CCCCCCCCCCCCC,217.19122462089155
CCCCCCCCCCCCCCCCCC(=O)NC(CO)C(CCCCCCCCCCCCCCC)O,156.89316683259884
CCCCCCCCCCCCCCCCCCCC(=O)OCC(COP(=O)([O-])OCC[N+](C)(C)C)OC(=O)CCC=CCC=CCC=CCC=CCC=CCC=CCC,146.7506671110349
CCCCCC=CCC(C=CC=CCC=CCCCC(=O)O)O,16.4118865122503
CCCCCCCCCCCCCC=CC(O)C(CO)NC(=O)C(O)CCCCCCCCCCCCCCCCCCCCCCCC,198.7296014216828
C1CNCC(C1C2=CC=C(C=C2)F)COC3=CC4=C(C=C3)OCO4,12.657131317450906
COC1=C(C(=NC=C1)CSC2=NC3=C(N2)C=C(C=C3)OC(F)F)OC,14.185679753527422
CCC=CCC=CCC=CCC=CCC=CCC=CCCCCC(=O)NC(COP(=O)([O-])OCC[N+](C)(C)C)C(O)C=CCCC=CCCC=CCCCC,149.42184507213918
CCCCCCCC=CCC=CCCCCCCCCCCCCCCCCCCCC(=O)NC(CO)C(O)C=CCCCCCCCCCCCCCCC,227.17906711795453
CCCCCCCCC=CCCCCCCCCCCCC(=O)OC(COCCCCCCCCC=CCCCCCCCC)COP(=O)(O)OCCN,186.9069141739622
CCCCCCCCCCCCCCCCCCCCCC(=O)NC(COP(=O)([O-])OCC[N+](C)(C)C)C(C=CCCCCCCCCCCCCC)O,170.39152429749208
CCC=CCC=CCC=CCCCCCCCC(=O)OCC(COC(=O)CCCCCCCCC)OC(=O)CCCCCCCCCCC,178.53792985744798
CCCCCCCCCCCCCCCCCCCC(=O)OC(COCCCCCCCCCCCCCCCCCC)COP(=O)([O-])OCC[N+](C)(C)C,192.79785154603425
CCCCCCCCCC(CCCCCCCC(=O)O)OC(C)=O,35.347395350084255
CCCC=CCC=CCCCCCCCC(=O)NC(COP(=O)([O-])OCC[N+](C)(C)C)C(O)CCCCCCCCCCCCCCC,106.16933425416724
CCC=CCC=CCC=CCC=CCC=CCC=CCCC(=O)OC(COCCCCCCCCCCCCCCCC)COP(=O)(O)OC1C(O)C(O)C(O)C(O)C1O,105.56130886449589
CCCCCCCCCCCCCCCC(=O)OC[C@H](COC(=O)CCCCC/C=C\C/C=C\C/C=C\C/C=C\C/C=C\CC)OC(=O)CCCCCCC/C=C\CCCCCCCC,239.34359282387888
CCCCCCCCCCCC(CC(=O)O)O,14.782422112419946
CCC=CCC=CCC=CCC=CCC=CCC=CCCC(=O)OC(COCCCCCCCCC=CCCCCC)COP(=O)(O)OCCN,119.54254534363167
COC1=C(C=C(C=C1)C2=COC3=CC(=CC(=C3C2=O)O)O)O,12.409659031949664
CCC=CCC=CCC=CCCCCCCCC(=O)OCC(COP(=O)(O)OCC(O)COP(=O)(O)OCC(COC(=O)CCCCCCCC=CCC=CCCCCC)OC(=O)CCCCCCCC=CCCCCCC)OC(=O)CCCCCCCC=CCC=CCCCCC,190.4810490834934
CC1(CC(CC(N1)(C)C)NCCCCCCNC2CC(NC(C2)(C)C)(C)C)C,22.667437422508247
CCCCCCCCCCC=CCCCCCCCCCCCCCC(=O)NC(CO)C(O)C=CCCCCCCCCCCCCC,197.1112952864457
CCCCCC=CCC=CCCCCCCCCCC(=O)OCC(COP(=O)(O)OC1C(C(C(C(C1O)O)O)O)O)OC(=O)CCCCC=CCC=CCC=CCCCCC,119.75970377708316
CCCCCCCCCCC=CCCCCCCCCCCCC(=O)NC(COP(=O)([O-])OCC[N+](C)(C)C)C(O)CCCCC,108.94448969255762
CCCCCCCCCCC=CCCCCCCCCCCCCCCCCCCCCCC(=O)OCC(COC(=O)CCCCCCCCCCCCCCC)OC(=O)CCCCCCCCCCCCCCCCC,279.0493602872856
CCCCCCCCCCCCCCCCCCCCCCCC(O)C(N)CO,102.48619160171008
CCCCCCCCCC(=O)OCC(COC(=O)CCCCCCC)OC(=O)CCCCCCC,113.72982010479576
CCCCCCCCC=CCCCCCCCC(=O)OCC(COC(=O)CCCCCCC)OC(=O)CCCCCCCCC,174.2482180507747
CCCCCCCCCCCCCCCCC=CC(O)C(COP(=O)([O-])OCC[N+](C)(C)C)NC(=O)CCCCCCCCCCCCCCCC,148.78173304790437
C1=C(C=NC(=C1Cl)NC2=C(C=C(C(=C2[N+](=O)[O-])Cl)C(F)(F)F)[N+](=O)[O-])C(F)(F)F,14.81319124407061
CCCCCCCCCCCCCCCC(=O)OCC(COP([O-])(=O)OCC[N+](C)(C)C)OC(=O)CCCC(=O)/C=C/C(O)=O,30.74382885434755
CCCCCCCCCCCCCCCCCCCCCCCCCC(=O)NC(CO)C(O)CCCCCCCCCCCCCC,209.1547473438123
CCCCCC=CCCCCCCCCOCC(COP(=O)(O)OCC(O)CO)OC(=O)CCCCCCCC=CCCCCCCCC,118.72674165455535
CCCCCCCCCCCCCCCCCCCCCCC(=O)N[C@@H](COP(=O)([O-])OCC[N+](C)(C)C)[C@@H](/C=C/CCCCCCCCCCC)O,162.89293328601542
CCC=CCC=CCC=CCC=CCC=CCC=CCC=CCCCC(=O)NC(COP(=O)([O-])OCC[N+](C)(C)C)C(O)C=CCCC=CCCC=CCCCCC,117.2237968066906
CCCCC1=CC(=O)OC2=C1C=C3C(=COC3=C2)C,13.79426782110228
CCCCCC=CCC=CCCCCCCCC(=O)OCC(COP(=O)(O)OCC(O)COP(=O)(O)OCC(COC(=O)CCCCCCCC=CCCCCCCCC)OC(=O)CCCCCCCC=CCCCCCCCC)OC(=O)CCCCCCCC=CCCCCCCCC,220.40102397463255
CCCCCCC=CCCCC(=O)OC(CC(=O)O)C[N+](C)(C)C,14.403065922676769
CCCCCC=CCC=CCCCCCCCC(=O)NCCCCNCCCN,26.753440984725582
CCCCCCCCCCCCOC(=O)CCSCCC(=O)OCCCCCCCCCCCC,143.8080598429095
CCCC=CC=CC(CCC(=O)O)CC(=O)O,11.768924477253494
CCCCC1=C(C2=CC=CC=C2O1)C(=O)C3=CC(=C(C(=C3)I)O)I,14.147490325616252
CC(C)CCCCCCCCCCCCC(=O)OCC(COP(=O)(O)OCC(CO)O)O,17.07988130486323
CN(CC(CO)O)C(=O)C1=C(C(=C(C(=C1I)C(=O)NCC(CO)O)I)NC(=O)COC)I,10.81291836964042
CCC=CCC=CCC=CCC=CCC=CCC=CCCCCC(=O)OC(COCCCCCCCCC)COP(=O)([O-])OCC[N+](C)(C)C,126.75037697478702
C1=CC=C(C=C1)C=CC(=O)O,17.59677994190508
COC1=C(C=CC(=C1)CCCO)O,47.80354951335086
C(CCCCCCCCCCO)CCCCCCCCCC(=O)O,59.901506129928975
CC12C=CC(=O)NC1CCC1C2CCC2(C)C(C(=O)Nc3cc(C(F)(F)F)ccc3C(F)(F)F)CCC12,36.35726994137252
CCCCC/C=C\C/C=C\CCCCCCCC(=O)OC[C@H](COC(=O)CCC/C=C\C/C=C\C/C=C\C/C=C\CCCCC)OC(=O)CCCCCCC/C=C\C/C=C\CCCCC,224.4576352849164
CCC=CCC=CCC=CCCCCCCCCCC(=O)NCCOP(=O)(O)OCC(O)COC(=O)CCCCCCCC=CCCCCCCCC,116.07986967108472
CCOC(=O)CCC1=CC=CC=C1,58.19781472899929
CC(C)C1=CC2=C(C=C1)C3(CCCC(C3CC2)(C)C(=O)O)C,61.18194957962996
[2H]C([2H])(OC(=O)CCCCCCCCCCCCCCCC)[C]([2H])(OC(=O)CCCCCCCCCC=CCC=CCC=CCC)C([2H])([2H])OP(=O)([O-])OCC[N+](C)(C)C,139.8
CCC=CCC=CCC=CCC=CCC=CCC=CCCC(=O)OC(COCCCCCCCCC=CCCCCCC)COP(=O)([O-])OCC[N+](C)(C)C,113.71920853031696
CCC=CCC=CCC=CCC=CCC=CCC=CCCC(=O)OC(COC(=O)CCCCCCCCCCCCCCCCC)COP(=O)(O)OCC,121.1912889280855
CCC=CCC=CCC=CCC=CCC=CCCCC(=O)OCC(COP(=O)(O)OCC(O)COP(=O)(O)OCC(COC(=O)CCCCCCCCC=CCC=CCC=CCC=CCC)OC(=O)CCCCCCCCCCCCC)OC(=O)CCCCCCCCCCCCCCC,212.7332307642569
CCC=CCC=CCC=CCCCCCCCCOCC(COP(=O)(O)OCC(O)CO)OC(=O)CCCCCCCCCCCCCCC,113.62157113551908
CCC=CCC=CCC=CCC=CCC=CCC=CCC=CCCCCCC(=O)OC(COCCCCCCCCC=CCCCCCC)COP(=O)([O-])OCC[N+](C)(C)C,164.8253783879175
CC=CCCC=CCCC=CCCCC(O)C(O)C(COP(=O)([O-])OCC[N+](C)(C)C)NC(=O)CCCCCCCCCCCCCCCC,127.70041934324674
CCCCCC=CCC=CCCCCCCCC(=O)OC(COC(=O)CCCCCCCCCCCCCCCCCC)COP(=O)(O)OCCN,148.3983685181187
CCCCCCCCCCCCCCCCCC(=O)OCC(COP(=O)(O)OC1C(C(C(C(C1O)O)O)O)O)OC(=O)CCCCCCCCCC=CCC=CCCCCC,129.62725101353655
CCCCCCCCCCCCCCCCCC(=O)OCC(COP(=O)([O-])OCC[N+](C)(C)C)OC(=O)CCCCCCCC=CCCCCCCCC,150.0734714143869
CCCCCCCCCCC1=CC=CC=C1S(=O)(=O)O,14.995243308831425
C1=CC(=C(C=C1CCC(=O)O)OS(=O)(=O)O)O,8.804761196576782
CCCCCCCCCCCCCCCCCC(=O)OC(COCCCCCCCCC=CCCCCCCCC)COP(=O)([O-])OCC[N+](C)(C)C,166.0708888131504
CCCC1=C(C(=C(O1)CCC(=O)O)C(=O)O)C,9.91238612410061
CCCCCCCCCCCCCCCCCC(=O)OC[C@H](COC(=O)CCCCC/C=C\C/C=C\C/C=C\C/C=C\CCCCC)OC(=O)CCCCCCC/C=C\CCCCCCCC,251.5921294988908
CCCCCC=CCC=CCCCCCCCC(=O)OCCCCCCCCCCCCCCC=CCCCCCCCCCCCCCC(=O)NC(CO)C(O)C=CCCCCCCCCCCCCC,241.66180448893115
CCCCCCCCCCCCCCCC(=O)OCC(O)COP(=O)(O)OCC(N)C(=O)O,21.23918609230287
CCCCCC=CCC=CCCCCCCCC(=O)OC(COC(=O)CCCCCCCCCCCCCC)COP(=O)(O)OC,106.61555340112982
CCCCCC=CCC=CCCCCCCCCCCCC(=O)NC(COP(=O)([O-])OCC[N+](C)(C)C)C(O)CCCCCCCCCCCCC,135.22677969129
CCC=CCC=CCC=CCC=CCCCCCCCCCCC(=O)NC(CO)C(O)C=CCCCCCCCCCCCCC,146.6252335613286
CC(C)(C)C1=CC(=CC(=C1O)C(C)(C)C)CN2CCN(CC2)CC3=CC(=C(C(=C3)C(C)(C)C)O)C(C)(C)C,13.454706591187978
CCCCN1CCCCC1C(=O)NC2=C(C=CC=C2C)C,13.0872450224475
CCCCCC=CCC=CCCCCCCCCCCCC(=O)NC(COP(=O)([O-])OCC[N+](C)(C)C)C(O)CCCCCCCCCCCCCCC,149.2939728197556
CCCCCCCCCCCCCC/C=C\OC[C@H](COP(=O)(O)OCCN)OC(=O)CCC/C=C\C/C=C\C/C=C\C/C=C\CCCCC,137.35488584372771
CCCCCCCC(C=CCCCCCCCC(=O)O)O,16.72520813140987
CC/C=C\C/C=C\C/C=C\C/C=C\C/C=C\CCCC(=O)OCC(OC(=O)CCC/C=C\C/C=C\C/C=C\C/C=C\C/C=C\CC)COC(=O)CCC/C=C\C/C=C\C/C=C\C/C=C\C/C=C\CC,192.59775094218676
CCC=CCC=CCC=CCC=CCC=CCCCCOCC(COP(=O)([O-])OCC[N+](C)(C)C)OC(=O)CCCCCCCCCCCCCCCCCCCCCCC,179.01883920295168
CC(CN1C2=CC=CC=C2S(=O)C3=CC=CC=C31)N(C)C,11.862607619018696
CC(C(C(=O)O)NC(=O)C(CCC(=O)O)N)O,12.64728628812118
CCCCCCCCCCCCCCCC(=O)OC[C@@H](COC(=O)CC/C=C\C/C=C\C/C=C\C/C=C\C/C=C\C/C=C\CC)OC(=O)CCCCCCC/C=C\CCCCCC,225.83357076448388
C1=CC=C(C=C1)C(=O)NCC(=O)O,9.20875068322812
CCCCCC=CCC=CCCCCCCCCOCC(COP(=O)([O-])OCC[N+](C)(C)C)OC(C)=O,34.51079737006171
CCCCCCCCCCCCCCCCCC(=O)OC[C@@H](COC(=O)CCCCCCCCCCCCCCC)OC(=O)CCCCCCC/C=C\CCCCCCC,251.72399512369907
CC=CCCC=CCCC=CCCCC(O)C(O)C(COP(=O)([O-])OCC[N+](C)(C)C)NC(=O)CCCCCCCCCCCCCCCCCCCCC,157.3269959910852
CCC=CCC=CCC=CCC=CCCCCCCCCCCC(=O)OC(COCCCCCCCCC=CCC=CCCCCC)COP(=O)(O)OCCN,155.47534408717942
C(C1C(C(C(C(O1)OCC(C(C(C(CO)O)O)O)O)O)O)O)O,9.981395586614438
CCCCCC(C=CC=CCC=CCCCC(=O)O)O,13.08574682896089
CC(C)CCCC(C)CCOC(=O)C1=CC=CC=C1C(=O)OCCC(C)CCCC(C)C,111.18572990600666
CCCCCCCCC=CCCCCCCCC(=O)OCC(O)COP(=O)(O)OCCNC(=O)CCCCCCCCCCCCCCCCC,135.6610786376961
CCCCCCCCCCCCCC(=O)OCC(COP(=O)(O)OCCN)OC(=O)CCCCCCC=CCC=CCC=CCC=CCC,111.80609227739
CCCCCCCCC=CCCCCCCCCCCCC(=O)OC(COCCCCCCCC)COP(=O)([O-])OCC[N+](C)(C)C,120.88637028109834
CCC=CCC=CCC=CCC=CCCCCCCC(=O)OCC(O)COP(=O)(O)OC1C(O)C(O)C(O)C(O)C1O,15.848328143956731
CCCCCCCCCCCCCC/C=C\OC[C@H](COP(=O)(O)OCCN)OC(=O)CCCCCCC/C=C\CCCCCCCC,152.62483879007343
CCCCCC=CCC=CCCCCCCCC(=O)OC(COCCCCCCCCCCCCC=CCCCCCCCC)COP(=O)(O)OCCN,183.26676978022232
CCCCCCCCCCCCCCCC(CCCCCCCC(=O)O)OC(C)=O,88.18133658189717
CCCCCC=CCC=CCC=CCC=CCCCC(=O)O,41.37394712232756
CCCCCC=CCC=CCCCCCCCC(=O)OCC(COP(=O)(O)OCC(O)COP(=O)(O)OCC(COC(=O)CCCCCCCC=CCCCCCCCC)OC(=O)CCCCCCCC=CCCCCCC)OC(=O)CCCCCCCC=CCCCCCCCC,211.57410535053768
CCCCC=CCCCCCCCC(=O)OCC(COP(=O)([O-])OCC[N+](C)(C)C)OC(=O)CCCCCCCCCC=CCCCCCCCC,129.82835054405058
CCCCCCCCCCCCCCCC(=O)OCC(CO)OC(=O)CCCCCCCC=CCC=CCCCCC,157.43874737399085
CCCCCC(=O)C=CC=CCCCCCCCC(=O)O,196.14651513095845
CCC=CCC=CCC=CCC=CCCCCCCC(=O)OC(COC(=O)CCCCCCCCCCCCCCCCCCCCC)COP(=O)(O)OCCN,167.2767241172082
CCCCC(CC)COC(=O)CCCCCCCCC(=O)OCC(CC)CCCC,109.10293329602334
CCCCCCCCCCC=CCCCCCCCCCCCCCCCCCCCCCC(=O)NC(COP(=O)([O-])OCC[N+](C)(C)C)C(O)CCCCC,184.71618908135235
CCCCCCCCCCCCCCCCCCCC(=O)OCC(O)COP(=O)(O)OCCN,76.54092661027788
CCCCCC=CC=CCCCCCCCCC(=O)NC(CO)C(O)C(O)CCCC=CCCCCCCCCC,110.61054227502449
CCCCCC=CCC=CCCCCCCCC(=O)OCC(COP(=O)(O)OCCN)OC(=O)CCCCCCCC=CCC=CCCCCC,124.14272592943622
CCCC=CCC=CCCCCCCCC(=O)OCC(COP(=O)([O-])OCC[N+](C)(C)C)OC(=O)CCCCCCCC=CCC=CCCCCC,104.06544113562994
CCCCCCCCCCCCCCCCCCCCCCCC(=O)NC(COP(=O)(O)O)C(C=CCCCCCCCCCCCCC)O,175.7658649537564
CCCCCCCCCCCCCCC(C(C(CO)N)O)O,25.71916617912204
CCCCCCCCCCCCCCCCC(=O)OC[C@H](COC(=O)CCCCCCC/C=C\CCCCCCC)OC(=O)CCCCCCCCCCCCCCCC,244.72773057275435
CCCCCC=CCC=CCCCCCCCC(=O)OCC(CO)OC(=O)CCCCCCCC=CCC=CCCCCC,146.50059404904982
CCC=CCC=CCC=CCC=CCC=CCC=CCCC(=O)OCC(COP(=O)(O)OCC(O)COP(=O)(O)OCC(COC(=O)CCC=CCC=CCC=CCC=CCC=CCC=CCC)OC(=O)CCCCCCCC=CCC=CCCCCC)OC(=O)CCC=CCC=CCC=CCC=CCC=CCC=CCC,179.43324183329202
CCCCCC=CCCC=CCCC=CC(O)C(COP(=O)([O-])OCC[N+](C)(C)C)NC(=O)CCCCCCCCCCCC=CCC=CCCCCCCC,134.9409195053158
CN1C2=C(C(=O)N(C1=O)C)NC=N2,10.16718953132878
CCC=CCC=CCC=CCC=CCCCCCCC(=O)OC(COC(=O)CCCCCCCCCCCCCCCCCCCCCCC)COP(=O)([O-])OCC[N+](C)(C)C,173.06684587408952
C1CCN(CC1)CCNC(=O)C2=CC=C(C=C2)Cl,12.43148352451609
C(CO)N(CCO)C(CO)(CO)CO,9.804622153315176
CCCCC/C=C\C/C=C\C/C=C\C/C=C\CCCC(=O)OC[C@H](COC(=O)CC/C=C\C/C=C\C/C=C\C/C=C\C/C=C\C/C=C\CC)OC(=O)CC/C=C\C/C=C\C/C=C\C/C=C\C/C=C\C/C=C\CC,208.9588276010045
CCCCCCCCCCCCCCCC=CC(C(CO)NC(=O)CCCCCCCCCCCCCCCCCC=CCC=CCCCCCCCCCCC)O,236.80998470930885
CCCCCCCCCCCC(=O)N(CCO)CCO,20.854155194892655
CCCCCCCCCCCCCCCC(=O)NC(CO)C(C=CCCCCCCCCCCC)O,122.1125601866479
CCC=CCC=CCC=CCC=CCCCCCCC(=O)OC(COCCCCCCCCCCCCCCCCCCCC)COP(=O)(O)OCCN,145.71599558687575
C[N+]1=CC=CC=C1C(=O)[O-],13.513101320655888
CCCCCCCCCCCCCCCC(=O)OCC(COP(=O)(O)OCCN)OC(=O)CCCCCCC=CCC=CCC=CCC=CCC,125.08591843230028
CC(C)(C)C1=CC(=CC(=C1O)C(C)(C)C)CCC(=O)OCC(COC(=O)CCC2=CC(=C(C(=C2)C(C)(C)C)O)C(C)(C)C)(COC(=O)CCC3=CC(=C(C(=C3)C(C)(C)C)O)C(C)(C)C)COC(=O)CCC4=CC(=C(C(=C4)C(C)(C)C)O)C(C)(C)C,126.29640307491552
CCCCCCCCCCCCCCCC(C(CO)NC(=O)CCCCCCCC=CCCCCCCCC)O,144.1275161630168
CCC=CCC=CCC=CCC=CCCCCCCC(=O)OC(COC(=O)CCCCCCCCCCCCCCCCCCCCCCC)COP(=O)(O)OCCN,179.90696983822866
CCC=CCC=CCC=CCC=CCC=CCC=CCC=CCCCCCCCCCC(=O)OC(COC(=O)CCCCCCC)COP(=O)([O-])OCC[N+](C)(C)C,124.9271879161366
CCCCCCCCC=CCCCCCCCC(=O)OC(COC(=O)CCCCCCCCCCCCCCCCCCCCCCC)COP(=O)([O-])OCC[N+](C)(C)C,191.07015777696537
CCCCCC=CCC=CCCCCCCCCOCC(COP(=O)([O-])OCC[N+](C)(C)C)OC(=O)CCCCCCCCCCCC=CCCCCCCCCCC,186.016447742548
CC1C(C(=O)OC1C2=CC(=C(C=C2)OC)OC)C,13.739299345643689
CCCCCC=CCC=CCC=CCC=CCCCC(=O)OCC(COP(=O)(O)OCC(C(=O)O)N)OC(=O)CCC=CCC=CCC=CCC=CCC=CCC=CCC,100.79748534620224
CCC=CCC=CCC=CCC=CCCCCCCC(=O)OC(COCCCCCCCCCCC=CCCCCCCCCC)COP(=O)(O)OCCN,166.98760710585154
CCCCCC=CCC=CCC=CCC=CCCCC(=O)OC(CO)CO,26.813524221098017
CCCCCC=CCC=CCCCCCCCC(=O)OCC(COP(=O)(O)OCC(COP(=O)(O)OCC(COC(=O)CCCCCCCC=CCC=CCCCCC)OC(=O)CCCCCCCC=CCC=CCCCCC)O)OC(=O)CCCCCCCC=CCC=CCCCCC,215.6223664577487
CCCCCCCCCCCCCCCCCC(=O)NC(CO)C(O)CCCCCCCCCCCCCCCCC,176.907686415474
CCCCCCCCCCCCCCCC(=O)OCC(COC(=O)CCCCCCC/C=C\CCCCCCCC)OC(=O)CCCCCCC/C=C\CCCCCCCC,248.4371198971696
CCCCCC=CCC=CCC=CCCCCCCC(=O)NCCO,38.116057506577626
CCCCCCCC=CCCCCCCCCOCC(COP(=O)(O)OCCN)OC(=O)CCCCCCCC=CCCCCCCCC,152.74561183810536
CCCCCCCCCCCCCC(=O)OCC(COP(=O)([O-])OCC[N+](C)(C)C)OC(=O)CCC=CCC=CCC=CCC=CCC=CCC=CCC,106.10618456087992
CC/C=C\C/C=C\C/C=C\C/C=C\C/C=C\CCCC(=O)OC[C@@H](COC(=O)CC/C=C\C/C=C\C/C=C\C/C=C\C/C=C\C/C=C\CC)OC(=O)CC/C=C\C/C=C\C/C=C\C/C=C\C/C=C\C/C=C\CC,199.9273214702538
[2H]C([2H])(OC(=O)CCCCCCCCCCCCC)C([2H])(OC(=O)CCCCCCCCC=CCCCCCC)C([2H])([2H])OC(=O)CCCCCCCCCCCCC,226.2
CCCCCC=CCC=CCCCCCCCCCCCCOCC(O)COP(=O)([O-])OCC[N+](C)(C)C,74.90152975118372
CCC=CCC=CCC=CCCCCCCCCCCOCC(O)COP(=O)(O)OCCN,48.462065568705746
CCCCCCCCCCCCCCCCC(=O)OC[C@H](COC(=O)CCCCCCC/C=C\CCCCCCC)OC(=O)CCCCCCC/C=C\CCCCCCC,251.18107861295445
CCCCCCC=CCCCCCCCC(=O)OC(COC(=O)CCCCCCCCCCCCCCC)COP(=O)(O)OC,110.84150098863432
CCC=CCC=CCC=CCC=CCCCCCCC(=O)OC(COC(=O)CCCCCCCC=CCC=CCCCCC)COP(=O)(O)OCCN,115.95777155125356
CC1=C(NC(=C1CCC(=O)O)CC2=C(C(=C(N2)C=C3C(=C(C(=O)N3)C)C=C)C)CCC(=O)O)C=C4C(=C(C(=O)N4)C=C)C,60.520805552997295
CCC=CCC=CCC=CCC=CCC=CCC=CCCCOCC(COP(=O)([O-])OCC[N+](C)(C)C)OC(=O)CC=CCC=CCC=CCC=CCC=CCC,137.3174903280736
CCCCCCCCCCCCCCCCCCCCCCC=CCC(=O)N[C@@H](CO)[C@@H](CC=CCCCCCCCCCCCC)O,209.97663382944484
CCCCCCCCCCCCCCCCCCCCCCCCCC(=O)OCC(=O)O,103.89658047253268
CCCCCCCCCCC=CCCCCCCCCCCCC(=O)OCC(O)COP(=O)(O)OCCN,88.37074118137467
C1=CC=C2C(=C1)C3C(O3)C4=CC=CC=C4N2C(=O)N,13.089248758391191
CCCCC/C=C\C/C=C\CCCCCCCC(=O)OC[C@@H](COC(=O)CC/C=C\C/C=C\C/C=C\C/C=C\C/C=C\C/C=C\CC)OC(=O)CC/C=C\C/C=C\C/C=C\C/C=C\C/C=C\C/C=C\CC,212.2527409408685
CCC=CCC=CCC=CCCCCCCCCCC(=O)OC(COC(=O)CCCCCCCCCCCCCCCCC)COP(=O)(O)OCC,131.45378786281287
COC(=O)C1CC(CCN1)O,10.941926438867654
CCCCCCCCCCCCCCCCCCCC(=O)NCCO,54.75773059854623
CCC=CCC=CCC=CCC=CCC=CCCCCCC(=O)OCC(COC(=O)CCCC=CCC=CCC=CCC=CCC=CCC)OC(=O)CCCC=CCC=CCC=CCC=CCC=CCC,201.368742166527
CCC=CCC1C(O1)CC=CCC=CCC=CCC=CCCC(=O)O,15.785351000562995
C1=CC=C2C(=C1)NC(=S)S2,11.276787310281684
C(CN(CC(=O)O)CC(=O)O)N(CC(=O)O)CC(=O)O,12.443605267856714
CCCCCCCC/C=C\CCCCCCCC(=O)OC[C@H](CO)OC(=O)CCC/C=C\C/C=C\C/C=C\C/C=C\CCCCC,154.4597517282319
CCCCCC=CCC=CCCCCCCCC(=O)OC(COC(=O)CCCCCCCCCCCCCCCCCCCCCCC)COP(=O)(O)OCC(N)C(=O)O,156.53372357488138
CCCCCCCCCCCCCCC(=O)OC[C@H](COC(=O)CCCCCCC/C=C\CCCCCCC)OC(=O)CCCCCCC/C=C\CCCCCCC,228.33369607272488
CCC=CCC=CCC=CCC=CCCCCCCCCCCCCC(=O)OC(COC(=O)CCCCCCCCCCC)COP(=O)(O)OC1C(O)C(O)C(O)C(O)C1O,126.12449569689718
CCCCCCCCCCCCCCCCCC(=O)OCC(COP(=O)(O)OCCN)OC(=O)CCCCCCCCCCC=CCC=CCC=CCC=CCC,160.50711744538526
[2H]C([2H])(OC(=O)CCCCCCCCCCCCCCCC)[C]([2H])(OC(=O)CCCCCC=CCC=CCC=CCC=CCCCCC)C([2H])([2H])OP(=O)(O)OC[CH](N)C(=O)O,119.61981664758268
CCCCCCCCCCCCCC/C=C\OC[C@H](COP(=O)([O-])OCC[N+](C)(C)C)OC(=O)CCCCCCCCCCCCC,132.2073103563544
CCCCCCCCCCCCCCCCC(O)C(CO)NC(=O)CC(O)CCCCCCCCCCCCCC,136.71265603065393
CCCCCC=CCC=CCCCCCCCC(=O)OCC(COP(=O)([O-])OCC[N+](C)(C)C)OC(=O)CCCCCCCC=CCC=CCC=CCC,106.36772235923296
CCCCCCCC=CC(O)C(COC1OC(CO)C(OC2OC(CO)C(OC3OC(CO)C(O)C(O)C3O)C(O)C2O)C(O)C1O)NC(=O)CCCCCCCCCCCCCCCCCC=CCCCCCCCCCC,160.15360694014424
CCCCCCCCCCCCCCC(C(C(CO)NC(=O)C(CCCCCCCCCCCCCC)O)O)O,122.07015666718902
CCCCCCCCCCCCCCCC(=O)OC[C@H](COC(=O)CCCCCCC/C=C\CCCCCCCC)OC(=O)CCCCCCC/C=C\CCCCCC,233.12280145731552
CCCCCC=CCC=CCCCCCCCC(=O)OC(COC(=O)CCCCCCCCCCCCCCC)COC1OC(CO)C(O)C(O)C1O,124.1825278998828
CCC=CCC=CCC=CCCCCCCCCCC(=O)OCC(COP(=O)(O)OCC(O)COP(=O)(O)OCC(COC(=O)CCCCCCCC=CCC=CCCCCC)OC(=O)CCCCCCCC=CCCCCCCCC)OC(=O)CCCCCCCC=CCCCCCC,222.71470856620135
CCCCCCCCCCCCCCCCCC(=O)NC(CO)C(C=CCCC=CCCCCCCCCC)O,138.14588752531245
CC1=C(C2=CC3=C(C(=C([N-]3)C=C4C(=C(C(=N4)C=C5C(=C(C(=N5)C=C1[N-]2)C)C=C)C)C=C)C)CCC(=O)O)CCC(=O)O.[Fe+2],23.487236331473497
CCC=CCC=CCC=CCC=CCC=CCC=CCCC(=O)OC(COCCCCCCCCC=CCCCCCCCC)COP(=O)([O-])OCC[N+](C)(C)C,124.79822342196704
CCCCCCCCCCCCCCCCC(=O)OC[C@H](COP(=O)([O-])OCC[N+](C)(C)C)OC(=O)CCC/C=C\C/C=C\C/C=C\C/C=C\CCCCC,134.25200853000393
CCCCCCCCCCCCCCCC/C=C\OC[C@H](COP(=O)(O)OCCN)OC(=O)CCCCC/C=C\C/C=C\C/C=C\C/C=C\C/C=C\CC,152.11362499391376
CCCCCCCCCCCCCCCCCC(=O)OC(C)C(=O)O,49.93761321330587
CCCCCCC=CCCCCCCCC(=O)OC(COCCCCCCC=CC=CC=CC=CCCCCCC)COP(=O)(O)OCCN,131.15029007242038
CCCCC(C=CCC=CCC=CCC=CCCCC(=O)O)O,13.663166959552804
C1=NC(=C2C(=N1)N(C=N2)C3C(C(C(O3)COP(=O)(O)O)O)O)N,8.326949762516298
C(C(=O)O)C(CC(=O)O)(C(=O)O)O,8.893439689937704
CCCCCCCCCCCCCCCC(=O)OCC(COP(=O)(O)OC1C(C(C(C(C1O)O)O)O)O)OC(=O)CCCCCCCCCCCCCCC,113.66262303470133
CCCCCCCCC=CCCCCCCCCCC(=O)OC(COC(=O)CCCCCCCC=CCCCCCCCC)COP(=O)(O)OCC(O)CO,119.96361263310038
CCCCCCCCCCCCC/C=C/[C@H]([C@H](COP(=O)([O-])OCC[N+](C)(C)C)NC(=O)CCCCCCCCCCCCC)O,109.11318966889336
CCCCCC=CCC=CCCCCCCCCCCCC(=O)NC(COP(=O)([O-])OCC[N+](C)(C)C)C(O)CCCCCCCCCCCCCCCCC,162.52065806563323
CCCCCC=CCC=CCCCCCCCC(=O)NC(CO)C(O)C=CCCCCCCCCCCCCCCC,141.8980258531251
CCCCCCCCCCCCCCCC(=O)OC[C@@H](COC(=O)CCCCCCCCCCCCC)OC(=O)CCCCCCCCCCCCCCC,240.881282877664
C1=CC(=C(C=C1CC(=O)O)O)O,9.279627999491252
C(CCCC=CCCCCCCCC(=O)O)CCCC(=O)O,12.714141903839158
CCCCCCCCCCC=CCCCCCCCCCCCC(=O)OC(COCCCCCCCCCCCCCCCC)COP(=O)([O-])OCC[N+](C)(C)C,192.5772760838912
C1=CC=C(C(=C1)C(=O)NCC(=O)O)O,8.74416804705052
CCCCCCCCC=CCCCCCCCC(=O)OC(C)C(=O)O,34.53294241456855
CCCCCCCCCCCCCCCCC=CC(O)C(COP(=O)([O-])OCC[N+](C)(C)C)NC(=O)CCCCCCCCCCCCCCC,142.09768196708072
CCCCCCCCCCCCCCCCCCCCCCCC(=O)N[C@@H](COP(=O)([O-])OCC[N+](C)(C)C)[C@@H](/C=C/CCCCCCCCCCCCCC)O,174.2207172839975
CC(COC(=O)C1=CC=CC=C1)OC(=O)C2=CC=CC=C2,25.247895743498265
CCCCCCCCCCCCOC(=O)CCS(=O)CCC(=O)OCCCCCCCCCCCC,114.389433495406
C1=CC(=CC2=C1C=CC(=O)O2)OS(=O)(=O)O,9.196633734914284
CCCCCCCCC=CCCCCCCCCOCC(COP(=O)([O-])OCC[N+](C)(C)C)OC(=O)CCCCCCCCCCCCCCC,144.12879540974737
CCCCCCCCCC=CCCCCCCCCCC(=O)NC(COP(=O)([O-])OCC[N+](C)(C)C)C(O)C=CCCCCCCCCCCCCCCCC,162.7167486749894
CNCCC=C1C2=CC=CC=C2CCC3=CC=CC=C31,13.87248595128064
CCCCCCCCCCCCC=CC(O)C(CO)NC(=O)CC(O)CCCCCCCCCCCCCCCCCCCCCCC,186.796324105193
CCCCCCCCCCCCCC(=O)OC[C@@H](COC(=O)CC/C=C\C/C=C\C/C=C\C/C=C\C/C=C\C/C=C\CC)OC(=O)CC/C=C\C/C=C\C/C=C\C/C=C\C/C=C\C/C=C\CC,210.62555935682252
CCCCCCCC/C=C\CCCCCCCC(=O)OC[C@H](COC(=O)CCCCCCC/C=C\C/C=C\C/C=C\CC)OC(=O)CCCCCCC/C=C\C/C=C\CCCCC,227.6517338759191
CCC=CCC=CCC=CCC=CCCCCCCCCC(=O)OC(COC(=O)CCCCCCCCCCCCCCCCCCC)COP(=O)([O-])OCC[N+](C)(C)C,163.88848216187117
CCCCCCCCCCCCCCCC(=O)OCC(COP(=O)(O)OCCN)OC(=O)CCC=CCC=CCC=CCC=CCC=CCC=CCC,120.62830489966308
CCCCCCCCCCCCCCCCCCCC(=O)OC[C@@H](COC(=O)CCCCCCCCCCCCCCC)OC(=O)CCCCCCC/C=C\CCCCCCCC,261.6482713281408
CCCCCC=CC=CCCCCCCCCC(=O)OCC(O)COP(=O)(O)OCC(O)COP(=O)(O)OCC(O)COC(=O)CCCCCCCCCC=CCCCCCC,85.92696716558622
CCCCC=CCCCCCCCC(=O)OCCCCCCCCCCCC=CCC=CCCCCCCCCCCCCCCCCCCCC(=O)NC(CO)C(O)C=CCCCCCCCCCCCCCCC,268.9269033271495
CCCCCCC=CCCCCCCCCCC(=O)OC(C=CCCCCCCCCCCCCC)C(COP(=O)([O-])OCC[N+](C)(C)C)NC(=O)CCCCCCCCCCCCCCCCCCCCCCC,245.11350527839707
CCCCOC(=O)C1=CC=CC=C1C(=O)OCCCC,29.466100422836032
CCCC=CCCCCCCCC(=O)OC(COCCCCCCCCCCCCCCCCCC)COP(=O)([O-])OCC[N+](C)(C)C,139.0356644295671
CCCCCCCCCCCCCC(=O)OCC(COP(=O)([O-])OCC[N+](C)(C)C)OC(=O)CCCCC=CCC=CCC=CCCCCC,114.20292784541488
CCCCCC=CCC=CCCCCCCCC(=O)OCC(COC(=O)CCCCCCCCCCCCCCCCCCCCC)OC(=O)CCCCCCCCCCCCCCCCCCCCC,275.6995348952099
CCCCCCCCCCCCCCCC(=O)OC(CC(=O)[O-])C[N+](C)(C)C,38.60262028964467
CCC=CCC=CCC=CCC=CCCCCCCC(=O)OC(COCCCCCCCCC=CCCCCCC)COP(=O)([O-])OCC[N+](C)(C)C,128.44606768927758
C1C(=O)NC2=C(C=C(C=C2)Cl)C(=N1)C3=CC=CC=C3,16.11070409561191
CCC=CCC=CCC=CCC=CCC=CCCCC(=O)NC(COP(=O)([O-])OCC[N+](C)(C)C)C(O)CCCCCCCCCCCCCCCCCCCCCCC,160.85270829106415
CCC=CCC=CCC=CCC=CCCCCCCC(=O)OC(COC(=O)CCCCCCCC=CCCCCCCCC)COC(=O)CCCCCCCCCCCCCCCCCCCCCCC,267.5897535274098
CCCCC/C=C\C/C=C\C/C=C\C/C=C\CCCCCC(=O)OC[C@H](COP(=O)(O)OCCN)OC(=O)CC/C=C\C/C=C\C/C=C\C/C=C\C/C=C\C/C=C\CC,124.17349601255955
CCCCCC=CCC=CCCCCCCCC(=O)OCC(COP(=O)(O)OCC)O,23.03098909344963
C1CN(CCN1CCOCC(=O)O)C(C2=CC=CC=C2)C3=CC=C(C=C3)Cl,12.255996995629497
CCCCCC=CCC1C(O1)CCCCCCCC(=O)O,21.11192379140312
CCCCCCCCCCCCCCCCCCCCCC(=O)NC(COC1C(C(C(C(O1)CO)O)O)O)C(C=CCCCCCCCCCCCCC)O,174.52554175035817
CCCCCCCCCCCCCCCCCCCCCCCCC(=O)OCC(O)COP(=O)(O)OCC(N)C(=O)O,92.33454563930889
CCC=CCC=CCC=CCC=CCC=CCCCC(=O)OC(COCCCCCCCCC=CCCCCCCCC)COP(=O)(O)OCCN,141.66419357517063
CCCCCCCCCCCCCCCCCC(=O)OCC(COP(=O)(O)OC1C(C(C(C(C1O)O)O)O)O)O,33.848180329268665
CCC=CCC=CCC=CCC=CCC=CCCCCCCCC(=O)NC(COP(=O)([O-])OCC[N+](C)(C)C)C(O)C=CCCCCCCCCCCCCCC,148.70997480762043
CCCCCCCCCCCCCCCC(=O)OC[C@H](COC(=O)CCCCCCC/C=C\CCCCCC)OC(=O)CCCCCCCCCCCCCCC,232.6160558151765
CCC=CCC=CCCCCCCCCCCCCCCCC(O)C(=O)NC(COC1OC(CO)C(O)C(O)C1O)C(O)C(O)CCCCCCCCCCCCCC,144.83543306037444
CCCCCCCCCCCCCCCCOCC(COP(=O)(O)OC1C(O)C(O)C(O)C(O)C1O)OC(=O)CCCCCCCCCCCCCCC,123.00350404981256
CC(C)(CO)C(C(=O)NCCS(=O)(=O)O)O,9.416442496202366
CCC=CCC=CCC=CCC=CCCCCCCC(=O)OC(COC(=O)CCCCCCCCCCCCCCCCCCCCCCCCC)COP(=O)([O-])OCC[N+](C)(C)C,191.258779506826
CCC=CCC=CCC=CCC=CCCCCCCCCCCCCCCCCCCCCCCC(=O)OC(COC(=O)CCCCCCC=CCC=CCC=CCC=CCC)COP(=O)([O-])OCC[N+](C)(C)C,204.23372229473412
C(CCCCCCCC(=O)O)CCCCCCCO,14.375356115238914
CC1=CC(=NO1)NS(=O)(=O)C2=CC=C(C=C2)NC(=O)C,9.309201317372596
CCCCCCCCCCCCCC(=O)NCCC[N+](C)(C)CC(=O)[O-],17.773889773046857
CCCCCCCCCCCCCC/C=C\OC[C@H](COP(=O)(O)OCCN)OC(=O)CCCCCCC/C=C\C/C=C\CCCCC,139.8879622379903
CCCCCCCCCCCC(=O)OCC(COC(=O)CCCCCCC)OC(=O)CCCCCCCCCCC,158.4783002855125
CCCCCCCCCCCC=CCCCCCCCCCC(=O)NC(CO)C(O)C(O)CCCCCCCCCCCCCC,164.77564691946844
CCC=CCC=CCC=CCCCCCCCCCC(=O)OC(COCCCCCCCCC=CCCCCCC)COP(=O)([O-])OCC[N+](C)(C)C,134.05727643298383
CC(CCC(=O)O)C1CCC2C1(CCC3C2CC(C4C3(CCC(C4)O)C)O)C,20.70189500975038
CCCCCCCCCCCCCCCC[N+](C)(C)CC1=CC=CC=C1,51.06427564082757
CCCCCC=CCC=CCCCCCCCC(=O)OCC(COP(=O)(O)OCC(O)COP(=O)(O)OCC(COC(=O)CCCCCCCC=CCCCCCCCC)OC(=O)CCCCCCCCCCCCCCC)OC(=O)CCCCCCCCCCCCCCC,217.11211672614303
CCCCCC=CCC=CCCCCCCCCOCC(COP(=O)(O)OCC(O)CO)OC(=O)CCCCCCCCCCCCCC,116.9564245038088
CCCCCCCC/C=C\CCCCCCCC(=O)OC[C@H](COP(=O)(O)OC[C@@H](C(=O)O)N)OC(=O)CCC/C=C\C/C=C\C/C=C\C/C=C\CCCCC,116.71228778536704
CCCCCCCCC=CCCCCCCCC(=O)OC(CCCCCCC(=O)O)C=CCCCCCCCC,130.6779419476046
CCC=CCC=CCC=CCC=CCCCCCCC(=O)OC(COC(=O)CCCCCCCC=CCCCCCC)COP(=O)(O)O,99.40803254375052
CCCCCCCC/C=C\CCCCCCCC(=O)O[C@H](COC(=O)CCCCCCC/C=C\C/C=C\CCCCC)COP(=O)(O)OC1C([C@@H](C(C(C1O)O)O)O)O,119.76002949575464
CNCCC=C1C2=CC=CC=C2C=CC3=CC=CC=C31,12.111275147243084
CCCCCCCCCCCCCCCCCCC(=O)OCC(COP(=O)(O)OCCN)OC(=O)CCCCCCC=CCC=CCC=CCC=CCC,145.87468875572256
CCCCCCOC(=O)C1=CC=CC=C1C(=O)C2=C(C=C(C=C2)N(CC)CC)O,46.59737764725349
CC(CC(=O)O)(C(=O)O)O,9.79424777292018
CCCCCCCCC=CCCCCCCCC(=O)OC(COCCCCCCCCCCCCCCCCCCCC)COP(=O)(O)OCCN,175.3295895184468
CCCCCCCCCCCCCCC(=O)O[C@H](COC(=O)CCCCCCCCCCCCC)COP(=O)([O-])OCC[N+](C)(C)C,119.50147620371136
CCC=CCC=CCC=CCC=CCC=CCC=CCCC(=O)OCC(COP(=O)(O)OCC(O)COP(=O)(O)OCC(COC(=O)CCC=CCC=CCC=CCC=CCC=CCC=CCC)OC(=O)CCCCCCCC=CCCCCCCCC)OC(=O)CCCCCCCC=CCC=CCCCCC,195.0474394168444
CCCCCCCCCCC=CCCCCCCCCCCCC(=O)OCC(O)COP(=O)(O)OCC(N)C(=O)O,76.04552583099428
CCC=CC=CC=CCCCCCCCC(=O)NC(COP(=O)([O-])OCC[N+](C)(C)C)C(C=CCCCCCCCCCCC)OC(=O)CCCCCCCC=CC=CC=CCC,178.87547010027674
CCCCCCCCCCCCCCCC(=O)O[C@@H](COC(=O)CCCCCCCCCCCCC)COC(=O)CCCC/C=C\C/C=C\C/C=C\C/C=C\CC,216.01169826436643
CCCCC1=C(C2=CC=CC=C2O1)C(=O)C3=CC(=C(C(=C3)I)OCCN(CC)CC)I,23.533100848174055
CCC=CCC=CCC=CCC=CCCCCCCCCC(=O)OC(COCCCCCCCCC=CCCCCCCCC)COP(=O)(O)OC1C(O)C(O)C(O)C(O)C1O,117.46041734731756
CCCCCCCCCCCCCCCC(=O)OC[C@@H](COC(=O)CCCCCCCCCCCCC)OC(=O)CCCCCCCCCCCCCC,236.74082700900567
CCCCCCCCCCCCCCCCCCCCOCC(O)COP(=O)(O)OCCN,80.94226464755792
CCC=CCC=CCC=CCC=CCCCCCCC(=O)OC(COCCCCCCCCCCCCC=CCCCCCCCCCC)COP(=O)([O-])OCC[N+](C)(C)C,171.80400983828608
CCCCCCCCCCCCCCCCCC(=O)NC(COC1C(C(C(C(O1)CO)OC2C(C(C(C(O2)CO)OC3C(C(C(C(O3)CO)O)OC4C(C(C(C(O4)CO)O)OC5(CC(C(C(O5)C(C(CO)O)O)NC(=O)C)O)C(=O)O)O)NC(=O)C)O)O)O)O)C(C=CCCCCCCCCCCCCC)O,108.14954737253156
CCCCCCC=CCCCCCCCC(=O)OCC(COP(=O)(O)OCCN)OC(=O)CCCCCCCC=CCCCCCC,112.45145862516084
CCCCCCCCCCCCCC=CCCC(=O)OCC(COC(=O)CCC=CCC=CCCCCCCCCCC)OC(=O)CCC=CCCCCCCCCCCCCC,234.777058904252
CCCCCCCCCCCCCCCC(=O)OCC(COP(=O)(O)OCC(CO)O)OC(=O)CCCCCCCC=CCCCCCCCC,117.4911210444761
CCC=CCC=CCC=CCC=CCCCCCCCCC(=O)OCC(COP(=O)(O)OCC(O)COP(=O)(O)OCC(COC(=O)CCCCCCCCCC=CCC=CCC=CCC)OC(=O)CCCCCCCC=CCCCCCCCC)OC(=O)CCCCCCCC=CCC=CCCCCC,209.62654673489487
CCCCCCCCCCCCCCCC=CC(O)C(COP(=O)([O-])OCC[N+](C)(C)C)NC(=O)CCCCCCCCCCCCCCCCCCCC,170.3820177736895
CCCCOC(=O)C1=CC=CC=C1C(=O)OCC2=CC=CC=C2,27.00984397979979
CC(=O)C1CCC2C1(CCC3C2CCC4C3(CCC(C4)OS(=O)(=O)O)C)C,10.25310473392811
CCCCCCCCCCCC=CCC=CCCCCCCCCCCCCCC(=O)NC(COP(=O)([O-])OCC[N+](C)(C)C)C(C=CCCC=CCCC=CCCC)O,154.63889106489495
CCCCCCCCCCCCCCC(=O)NC(COP(=O)([O-])OCC[N+](C)(C)C)C(C=CCCCCCCCCC=CCCC)O,104.61217173706858
C1CN(CCN1)C2=NC3=CC=CC=C3SC4=CC=CC=C42,12.95383395587458
CCCCCCCCCCC=CCCCCCCCCCCCC(=O)NC(COP(=O)([O-])OCC[N+](C)(C)C)C(O)CCCCCCCCCCCCCCCCC,188.9900905643009
CC=CCCC=CCCC=CCCCC(O)C(O)C(COP(=O)([O-])OCC[N+](C)(C)C)NC(=O)CCCCCCCCCCCC=CCCCCCCCC,150.8321452566699
CCCCCCCCCCCCCCCCCCC(=O)O[C@H](COC(=O)CC/C=C\C/C=C\C/C=C\C/C=C\C/C=C\C/C=C\CC)COP(=O)([O-])OCC[N+](C)(C)C,144.6144516906253
[2H]C([2H])(OC(=O)CCCCCCCCCCCCCCC)C([2H])(OC(=O)CCCCCCCCC=CCC=CCCCCC)C([2H])([2H])OC(=O)CCCCCCCCCCCCCCC,245.4
CCCCCC=CCC=CCCCCCCCCOCC(O)COP(=O)(O)OCC(O)CO,29.925173656987266
CCCCCCC=CCCCCCCCCCC(=O)OC(COC(=O)CCCCCCCC=CCC=CCCCCC)COP(=O)([O-])OCC[N+](C)(C)C,133.14975497447628
CCCCCCCCCCCCCCCC(=O)O[C@@H](COC(=O)CCCCCCCCCCCCCC)COC(=O)CCCCCCC/C=C\C/C=C\CCCCC,237.17854501687185
CCCCCC=CCC=CCCCCCCCC(=O)NCCOP(=O)(O)OCC(O)COC(=O)CCCCCCCC=CCC=CCCCCC,91.08689341024242
CCC=CCC=CCC=CCCCCCCCC(=O)OC(COCCCCCCCCCCC=CCCCCCCCC)COP(=O)(O)OCCN,152.4168894208766
CCC=CCC=CCC=CCC=CCC=CCCCCCCCCCCCCCCCCCC(=O)NC(CO)C(O)C=CCCCCCCCCCCCCC,196.79636487231087
CCC(=O)OC(CC(=O)[O-])C[N+](C)(C)C,11.447616922994236
CCCCCCCC=CCC=CCCCCCCCCCCCCCCCCCCCC(=O)NC(COP(=O)([O-])OCC[N+](C)(C)C)C(O)CCCCCC,164.17610558538902
CCCCCCCCCCCCCCCC[N+](C)(C)CC,40.24790104907608
CC1=NC=C(C(=C1O)C(=O)O)CO,9.40490377512606
CCCCCCCCCCCCCCCCCC(=O)OC[C@@H](COC(=O)CCCCCCCCCCC)OC(=O)CCCCCCC/C=C\CCCCCC,223.05180657037863
CCC=CCC=CCC=CCC=CCCCCCCC(=O)OCC(COP(=O)(O)OCC(CO)O)OC(=O)CCCCCC=CCC=CCC=CCC=CCC=CCC,94.96059600085214
CCCCCC(C=CC=CCC=CCC=CCCCC(=O)O)O,20.32086011925203
CCCCCC/C=C\CCCCCCCC(=O)OC[C@H](COP(=O)(O)OC1C([C@@H](C(C(C1O)O)O)O)O)OC(=O)CCCCCCCCCCC/C=C\C/C=C\CCCCC,133.2229976338744
CCCCCCCCCCCCCCCC=CC(C(CO)NC(=O)C(CCCCCCCCCCCCCC)O)O,144.73703602371234
CCCCCCCCCCCCCCCC(=O)NC(COP(=O)([O-])OCC[N+](C)(C)C)C(C=CCCCCCCCCCCCC)O,111.32090894020185
CN(C)CC(C1=CC=C(C=C1)O)C2(CCCCC2)O,11.955009564450991
CCCCCC=CCC=CCC=CCCCCCCCCCOCC(COP(=O)([O-])OCC[N+](C)(C)C)OC(=O)CCCCCCCCCCCC=CCC=CCCCCCCC,191.75227373631483
C(CC(=O)O)CN=C(N)N,9.857636740145786
CCCCCCCCCC=CCCCC(O)C(O)C(COP(=O)([O-])OCC[N+](C)(C)C)NC(=O)CCCCCCCCCCCCCCCCC,150.18143509521818
CCC=CCC=CCC=CCC=CCCCCCCCCC(=O)OC(COCCCCCCCCCC=CCC=CCC=CCCCCC)COP(=O)([O-])OCC[N+](C)(C)C,160.06016503021968
C1=CC(=CC=C1CC(C(=O)O)N)O,9.20817161162337
CCC=CCC=CCC=CCCCCCCCCCC(=O)OC(COC(=O)CCCCCCCCCCCCCCCCCCCCCCC)COP(=O)([O-])OCC[N+](C)(C)C,178.33170266740305
CCCCCCCCCCCCCCCCCCCCCCCCCCCC(=O)OC(COCCCCCCCCCCC)COP(=O)([O-])OCC[N+](C)(C)C,198.0946086007585
CCCCCCCCCCCCCCCCCCOC[C@H](COP(=O)([O-])OCC[N+](C)(C)C)OC(=O)CCCCCC/C=C\C/C=C\C/C=C\CCCCC,157.30355263384524
CCCCCCCCCCCCCCCC(=O)O[C@@H](COC(=O)CCCCCCCCCCCCC)COC(=O)CCC/C=C\C/C=C\C/C=C\C/C=C\CCCCC,230.56495831928024
CC(C)NCC(COC1=CC=CC2=CC=CC=C21)O,11.630637472901736
CCCCCCCCCCCCCCCC(=O)OCC(COP(=O)(O)OCC(CO)O)OC(=O)CCCCCC=CCC=CCC=CCC=CCC=CCC,106.35226033330235
CCCCCCCCCCC=CCCCCCCOCC(COP(=O)(O)OCCN)OC(=O)CCCCCCCC=CCCCCCC,145.81658882098571
CCC(C=CC=CCC=CCC=CCC=CCC=CCCC(=O)O)O,26.159910886311486
CCCCCCCCCCC=CCCCCCCCCCC(=O)NC(CO)C(C=CCCC=CCCCCCCCCC)O,152.89834682704026
C1=CC=C(C=C1)CC(=O)NC(CCC(=O)N)C(=O)O,9.144629057374551
CCCCCCCCC=CCCCCCCCCCCCCCCCC(=O)NC(COP(=O)(O)O)C(O)C=CCCCCCCCCCCC,164.0026391997208
CCC=CCC=CCC=CCC=CCC=CCC(=O)OC(COC(=O)CCCCCCCC=CCC=CCCCCCC)COP(=O)([O-])OCC[N+](C)(C)C,119.47312510484828
CCCCCCCCCCCCCCCCCCCC(O)C(COP(=O)([O-])OCC[N+](C)(C)C)NC(=O)CCCCCCCCCCCCCCCCC,169.15401433910563
CCC=CCC=CCC=CCC=CCCCCCCC(=O)OC(COCCCCCCCCCCCCCCCCCC)COP(=O)([O-])OCC[N+](C)(C)C,144.53561654580747
CCC=CCC=CCC=CCC=CCC=CCCCCCC(=O)OCC(O)COP(=O)(O)OCCN,31.916907872593814
CC1=C(C(=C(C2=C1OC(CC2)(C)CCCC(C)CCCC(C)CCCC(C)C)C)OC(=O)CCC(=O)O)C,114.41455786581604
CCCCCC(=O)CCC(=O)O,9.387367919061838
CCC=CCC=CCC=CCC=CCCCCCCC(=O)OCC(O)COP(=O)(O)OCC(N)C(=O)O,16.152109772193583
CCCCCCCCCCCCCC=CC(C(COC1C(C(C(C(O1)CO)O)O)O)NC(=O)CCCCCCCCCCCCCC=CCCCCCCCC)O,173.82277935432165
CCCCCC=CCCCCCCCC(=O)OCCCCCCCCCCCC=CCC=CCCCCCCCCCCCCCCCCCCCC(=O)NC(CO)C(O)C=CCCCCCCCCCCCCCCC,272.3982658302723
CCCCCCCCC=CCCCCCCCCCCCCC(O)C(=O)NC(COC1OC(CO)C(O)C(O)C1OC(=O)CCCCCCCCCCCCCCC)C(O)C=CCCCCCCCCCCCCC,229.40638068016656
CCCCCCCCCCCCCCCCCCCCOC[C@H](COP(=O)([O-])OCC[N+](C)(C)C)OC(=O)CCC/C=C\C/C=C\C/C=C\C/C=C\CCCCC,165.71238508579165
CCCCCCCCC=CC=CC=CC=CC=CCCCCOCC(COP(=O)(O)OCCN)OC(=O)CCCCCCCC=CCCCCCC,132.06107413141976
CCCCCCCCCCCCCCCCCCC(=O)OCC(COP(=O)([O-])OCC[N+](C)(C)C)OC(=O)CCCCCCC=CCC=CCC=CCC=CCC,143.85458894648343
CC=CCCC=CCCC=CCCCC(O)C(O)C(COP(=O)([O-])OCC[N+](C)(C)C)NC(=O)CCCCCCCCC=CCC=CCC=CCCCCC,133.86902295377843
CCCCCCCCCCCCCCCCCC(=O)NC(COP(=O)([O-])OCC[N+](C)(C)C)C(O)CCCCCCCCCCCCCCCCC,160.69552540835684
CCCC=CCC=CCCCCCCCC(=O)OCCCCCCCCCCCC=CCC=CCCCCCCCCCCCCCCCCCCCC(=O)NC(CO)C(O)C=CCCCCCCCCCCCCCCC,269.63281792711723
CCCCCCCCCCCCCCCCCCCC(=O)OCC(O)COP(=O)(O)OCC(N)C(=O)O,53.20495023492823
CC(C(C1=CC(=CC=C1)Cl)O)NC(C)(C)C,12.804027850399866
CCCCCCCCCCCCCCCCCCCCCCC(O)C(=O)NC(CO)C(O)CCCCCCCCCCCCCCCCC,206.22288337346072
CCC=CCC=CCC=CCC=CCC=CCC=CCCC(=O)OCC(COP(=O)(O)OCC(O)COP(=O)(O)OCC(COC(=O)CCCCCC=CCC=CCC=CCC=CCC=CCC)OC(=O)CCCCCCCC=CCC=CCCCCC)OC(=O)CCCCCCCC=CCC=CCCCCC,185.40147580254057
CCC=CCC=CCC=CCCCCCCCCOCC(COP(=O)(O)OCC(O)CO)OC(=O)CCCCCCCCCCCCCC,106.19564578576671
CCCCCCCC=CCC=CCCCCCCCCCCCC(=O)OCC(O)COP(=O)(O)OCCN,81.2037338349778
CC1=CC(=CC(=C1OCC=C)C)C(=O)N,18.85735377894122
C1=CC(=CC=C1C2=COC3=C(C2=O)C=CC(=C3)O)OS(=O)(=O)O,8.70793830671634
CC12CCC(=O)C=C1CCC3C2C(CC4(C3CCC4(C(=O)COC(=O)CCC(=O)O)O)C)O,11.21459739821418
CCCCCCCCCCCCCCCCCC(=O)NCCCN(C)C,56.31255900781372
CCCCCC=CCC=CCCCCCCCC(=O)OC(CCCC)CCCC(=O)O,62.93866735638466
CCCCCC=CCC=CCCCCCCCC(=O)OCC(O)COP(=O)(O)OCCNC(=O)CCCCCCCCCCCCCCCCCCC,138.6747312649357
CCC=CCC=CCC=CCC=CCC=CCCCCCCCCCCCCCCCC(=O)OC(COC(=O)CCCCCCC)COP(=O)(O)OCCN,150.9818557064914
CCCCCCCCCCCCCCCC(=O)OCC(COP(=O)(O)OCCN)OC(=O)CCCCCC=CCC=CCC=CCC=CCC=CCC,129.92119967404415
CCC=CCC=CCC=CCC=CCC=CCC=CCCC(=O)OC(COC(=O)CCCCCCCCCCCCCCCCC)COP(=O)(O)OCC(CO)OC(=O)CCCCCCCC=CCC=CCCCCC,173.90928859444105
CCCCCCCC=CCC=CCC=CCCCCCCCCCCCCCCC(=O)NC(COP(=O)([O-])OCC[N+](C)(C)C)C(O)CCCCCCC,140.9551883241852
C1CN(CCN1CCCS(=O)(=O)O)CCCS(=O)(=O)O,12.316029463265702
CCC=CCC=CCC=CCC=CCCCCCCC(=O)OC(COC(=O)CCCCCCCC=CCC=CCCCCC)COP(=O)(O)OCC,104.87648503976544
CCC=CCC=CCC=CCC=CCC=CCC=CCCC(=O)OC(COC(=O)CCCCCCC=CCC=CCC=CCC=CCC)COP(=O)(O)OC,97.7948909040243
CC(C1=CC=C(C=C1)OC)C(=O)C2=C(C=C(C=C2)O)O,14.38830086120481
CCCCCCC=CCCCCCCCCCC(=O)O,105.7700726498346
CCCCCC=CCC=CCCCCCCCC(=O)OC(C)C(=O)O,25.21690117909541
CCC=CCC=CCC=CCC=CCC=CCCCCCC(=O)OCC(O)COP(=O)(O)OCC(O)CO,22.955608962907807
CC(=O)NC1=NN=C(S1)S(=O)(=O)N,9.436446250003456
C1=C(C=C(C(=C1Cl)O)Cl)Cl,15.676994198984245
C1NC2=CC(=C(C=C2S(=O)(=O)N1)S(=O)(=O)N)Cl,9.692147609048146
[2H]C([2H])(OC(=O)CCCCCCCCCCCCC)C([2H])(OC(=O)CCCCCCCCCCCC)C([2H])([2H])OC(=O)CCCCCCCCCCCCC,216.0
CCCCCC=CCC=CCC=CCC=CCCCC(=O)OC1CCC2(C3CCC4(C(C3CC=C2C1)CCC4C(C)CCCC(C)C)C)C,232.1163029820943
C1=CC=C(C=C1)C2=NC(=NC(=N2)N)N,12.80396309904286
C(COCCOCCOCCOCCOCCOCCOCCOCCOCCOCCOCCOCCO)O,11.136587504776497
CCCCCCCCCCCCCCCCCC(=O)OC[C@H](COP(=O)([O-])OCC[N+](C)(C)C)OC(=O)CC/C=C\C/C=C\C/C=C\C/C=C\C/C=C\C/C=C\CC=CCC=CCC=CCC,137.31025583931554
CCCCCCCCCCCCCCCCCC(=O)OC[C@H](COP(=O)([O-])OCC[N+](C)(C)C)OC(=O)CCCCC/C=C\C/C=C\C/C=C\C/C=C\CCCCC,152.41348483737158
CCC=CCC=CCC=CCC=CCCCCCCC(=O)OC(COCCCCCCCCC=CCCCCCCCC)COP(=O)([O-])OCC[N+](C)(C)C,130.77173432569137
CCCCCC=CCC=CCCCCCCCC(=O)OCC(COC(=O)CCCCCCCCC)OC(=O)CCCCCCCCCCC,189.51960125365696
CCC=CCC=CCC=CCC=CCC=CCC=CCCC(=O)OC(COCCCCCCCCCCC=CCCCCCCCC)COP(=O)(O)OCCN,155.26802771278443
CCCCCCCCCCCCCCCC(=O)OC[C@@H](COC(=O)CCCCCCCCCCCCCC)OC(=O)CCCCCCCCCCCCCCC,244.3555024451661
CCC=CCC=CCC=CCC=CCCCCCCCCCCC(=O)OC(COC(=O)CCC=CCC=CCC=CCC=CCC)COP(=O)(O)OCC(N)C(=O)O,106.53705191859216
CCC=CCC=CCC=CCC=CCCCCCCC(=O)OCC(COP(=O)(O)OCC(CO)O)OC(=O)CCCCCCC=CCC=CCC=CCC=CCC,91.86442671817282
CCC=CCC=CCC=CCCCCCCCC(=O)OC(COC(=O)CCCCCCCC=CCC=CCCCCC)COP(=O)(O)OC1C(O)C(O)C(O)C(O)C1O,95.90111458917488
CCCCCCCCCCCCCCCCCCCCCCCCCC(O)C(=O)NC(COC1OC(CO)C(O)C(O)C1O)C(O)CCCCCCCCCCCCCC,186.0048006462067
CCCCCC=CC=CCCCCCCCCCCCCC(=O)NC(COP(=O)([O-])OCC[N+](C)(C)C)C(C=CCCC=CCCC=CCCC)O,125.28581681123136
CCCCCCCCCCCCCCCCCCCCCCCCC(O)C(=O)NC(CO)C(O)CCCCCCCCCCCCCCCCC,217.19386368452044
CCCCCC=CCC=CCCCCCCCC(=O)OCC(COP(=O)(O)OCC(O)COP(=O)(O)OCC(COC(=O)CCCCCCCC=CCCCCCCCC)OC(=O)CCCCCCCC=CCCCCCC)OC(=O)CCCCCCCCCCCCCCC,211.57410535053768
COC1=C(C=CC(=C1)C=CC(=O)O)O,11.81295129309122
C1C(C(C(CC1(C(=O)O)O)O)O)O,8.59733505560039
CCCCCC/C=C\CCCCCCCC(=O)OC[C@H](CO)OC(=O)CCCCCCC/C=C\C/C=C\CCCCC,145.49522799109738
CCCCCCCCC=CCC=CCCC(=O)OC(C=CCCCCCCCCCCCCC)C(COP(=O)([O-])OCC[N+](C)(C)C)NC(=O)CCCCCCCCCCCCCCCCCCCCCCC,226.5086176079554
CCCCCCCCCCCCCCCCOCC(COP(=O)([O-])OCC[N+](C)(C)C)OC(=O)CCCCCCCCCCCCCCCC,138.76818620628654
C1C(C(C(C(O1)O)O)O)O,8.380697751915134
CCCCCCCCC=CCCCCCC(=O)OC(C=CCCCCCCCCCCCCC)C(COP(=O)([O-])OCC[N+](C)(C)C)NC(=O)CCCCCCCCCCCCCCCCCCCCCCC,236.68936020886576
CCCCCCCCCCCCCCCC(=O)OC(COC(=O)CCCCCCCCCCCCC)COP(=O)(O)OCC(CO)O,96.60137179431396
CCCCCCCCCCCCCCCCCCCCCCCCC(O)C(=O)NC(CO)C(O)C(O)CCCCCCCCCCCCCCCC,211.91864168742575
CCCCCCCCCCCCCCCCCC(=O)OCC(COP(=O)(O)OCC(C(=O)O)N)OC(=O)CCCCCCCCCC=CCC=CCC=CCC,117.25077897608551
CCCCCCCC=CCC=CCC=CCCCCCCCCCCCCC(=O)NC(COP(=O)([O-])OCC[N+](C)(C)C)C(O)CCCCC,115.46302317739496
CCCCCCCCCCCCCC/C=C\OC[C@H](COP(=O)(O)OCCN)OC(=O)CCCCCCC/C=C\CCCCCC,138.05056061874097
CC(C=CC(=O)O)C1CCC2C1(C(CC3C2CCC4C3(CCC(C4)O)C)O)C,16.301850230575294
CCC=CCC=CCC=CCC=CCCCCCCCCC(=O)OC(COCCCCCCCCC=CCCCCCCCC)COP(=O)(O)OCCN,155.95415004710733
CCCCCC=CCC=CCCCCCCCC(=O)OCC(COP(=O)(O)OCC(O)COP(=O)(O)OCC(COC(=O)CCCCCCCC=CCCCCCCCC)OC(=O)CCCCCCCCCCCCCCC)OC(=O)CCCCCCCC=CCCCCCCCC,218.39804173423505
CCCCCCCCCCCCOCCOCCOCCOCCO,49.92388004295989
CCCCCCCCC=CCCCCCCCCCC(=O)OCC(COCCCCCCCCCCCCCCCCCC)OC(=O)CCCCCCCCCC=CCCCCCCCC,276.898384026099
CCCCCCCCCCCCCCCCCCCCCC(=O)OC[C@@H](COC(=O)CCCCCCC/C=C\CCCCCCCC)OC(=O)CCCCCCCCC/C=C\C/C=C\CCCCC,273.59579264944625
CCCCCCCCCCCCCCCC(=O)NC(COP(=O)([O-])OCC[N+](C)(C)C)C(C=CCCC=CCCCCCCCCC)O,105.2351417937638
CC=CCCC=CCCC=CCCCC(O)C(O)C(COP(=O)([O-])OCC[N+](C)(C)C)NC(=O)CCCCCCCCCCCCCCCCCCCCCC,171.62258624065387
[2H]C([2H])(OC(=O)CCCCCCCCCCCCCCCC)[C]([2H])(OC(=O)CCCCCCCC=CCCCCCC)C([2H])([2H])OP(=O)(O)OC[CH](N)C(=O)O,120.0
CCC=CCC=CCC=CCC=CCC=CCC=CCCC(=O)OCC(COP(=O)(O)OCC(O)COP(=O)(O)OCC(COC(=O)CCC=CCC=CCC=CCC=CCC=CCC=CCC)OC(=O)CCCCCCCC=CCC=CCCCCC)OC(=O)CCCCCCCC=CCC=CCCCCC,188.37759286562203
CCCCCC=CCC=CCCCCCCCC(=O)OCC(O)COP(=O)(O)OCCNC(=O)CCCCCCCCCCCCCCCC,118.6401927998825
CCCCCCCCCCCCCCCCOCC(COP(=O)([O-])OCC[N+](C)(C)C)OC(=O)CCCCCCCCC/C=C\C/C=C\C/C=C\CC,139.233618905374
CCCCCCCCCCCCCCCC(=O)OCC(COP(=O)(O)OCC)OC(=O)CCCCCCCCCCCCCCC,124.14300472930196
CCCCCC=CCCCCCCCC(=O)OCC(COP(=O)([O-])OCC[N+](C)(C)C)OC(=O)CCCCCCCCCCCCCC=CCC=CCCCCCCC,184.69975093698895
CCCCCCCCCCCCCCCC/C=C\OC[C@H](COP(=O)(O)OCCN)OC(=O)CCCCC/C=C\C/C=C\C/C=C\C/C=C\CCCCC,162.85266982675023
CCCCCCCCCCCCCCCC(=O)OC(COC(=O)CCCCCCCCCCCCC)COP(=O)(O)OC,108.43290441078398
CCCCCCCCCCCCCCCCCCCC(=O)NC(COP(=O)([O-])OCC[N+](C)(C)C)C(O)CCCCCCCCCCCCCCCCC,168.93347842123768
CCCCCC=CCC=CCCCCCCCC(=O)OC(COC(=O)CCCCCCCC=CCCCCCCCCC)COC(=O)CCCCCCCCCCCCCCCCC,252.1636172838725
CC1=C(C(=O)C(=C(C1=O)OC)OC)CC=C(C)CCC=C(C)CCC=C(C)CCC=C(C)CCC=C(C)CCC=C(C)CCC=C(C)CCC=C(C)CCC=C(C)CCC=C(C)C,218.70005860315263
CCCCCC=CCC=CCCCCCCCC(=O)OC(COCCCCCCCCCCCCCCCCCC)COP(=O)(O)OCCN,151.321976854244
CCCCCCCCCCCCCCCCCCCCC(O)C(=O)NC(CO)C(O)CCCCCCCCCCCCCCC,179.1127083771641
CCC=CCC=CCC=CCC=CCC=CCC=CCCC(=O)OCC(COP(=O)(O)OCC(CO)O)OC(=O)CCC=CCC=CCC=CCC=CCC=CCC=CCC,87.9586354044371
CCC1C(C(C(C(=O)C(CC(C(C(C(C(C(=O)O1)C)OC2CC(C(C(O2)C)O)(C)OC)C)OC3C(C(CC(O3)C)N(C)C)O)(C)OC)C)C)O)(C)O,13.924644076677982
CN(C)C(=N)N=C(N)N,11.69098508613557
CC1=C(SC=[N+]1CC2=CN=C(N=C2N)C)CCO,10.978361635089778
CCCCCCC/C=C\CCCCCCCC(=O)OC[C@H](COC(=O)CCCCCCC/C=C\C/C=C\C/C=C\CC)OC(=O)CCCCCCC/C=C\C/C=C\CCCCC,227.01820774342593
CCCCCCCCCCCCCCCC(=O)OCC(O)C1OCC(O)C1O,41.22137681949429
CCCCCCCCCCCC(=O)OCC(COP(=O)([O-])OCC[N+](C)(C)C)OC(=O)CCCCCCCCCCC,85.64412570953675
CCC=CCC=CCC=CCC=CCC=CCC=CCCC(=O)OC(COC(=O)CCCCCC=CCC=CCC=CCC=CCC=CCC)COP(=O)(O)OCC(N)C(=O)O,94.13133728857224
CCCCCCCCCCCCCCCCCC(=O)OCC(COP(=O)(O)OCC(CO)O)OC(=O)CCCCCCCC=CCC=CCCCCC,119.54254534363167
CCCCCCCCCCCCCCC(=O)OC(COC(=O)CCCCCCCCCCCCC)COC(=O)CCCCCCCC=CCCCCCC,227.7550204113379
CCCC=CCC=CCCCCCCCC(=O)OC(COC(=O)CCCCCCCC=CCCCCCC)COP(=O)([O-])OCC[N+](C)(C)C,105.8276586733956
CCC=CCC=CCC=CCC=CCC=CCC=CCCC(=O)OCC(COP(=O)(O)OCC(O)COP(=O)(O)OCC(COC(=O)CCCCCCCCCC=CCC=CCC=CCC)OC(=O)CCCCCCCC=CCC=CCCCCC)OC(=O)CCCCCCCC=CCC=CCCCCC,195.76398834903824
CCCCCCCCCCCCCCCCCCCCCCCCCCCCCCCCCC(=O)NC(COP(=O)([O-])OCC[N+](C)(C)C)C(O)CCCCC,183.27810920123363
CCC=CCC=CCC=CCC=CCCCCCCC(=O)OC(COCCCCCCCCCCCCCCC=CCCCCCCCCCC)COP(=O)(O)OCCN,170.52282626920584
CCC=CCC=CCC=CCC=CCC=CCC=CCCC(=O)OC(COCCCCCCCCC=CCCCCCC)COP(=O)(O)OCC(N)C(=O)O,105.20490449241068
CC1=C(C(=C(C2=C1OC(CC2)(C)CCCC(C)CCCC(C)CCCC(C)C)C)OC(=O)C)C,138.25867903044724
C(CC(=O)C(=O)O)CC(=O)O,9.044580172766782
CCCCCC=CCC=CCCCCCCCC(=O)OCC(CO)O,34.97467268597032
CCCCC=CCCCCCCCCOCC(O)COP(=O)(O)OCCN,25.20786206442447
CCCCCCOCCOCCOCCO,10.649549667236876
CCCCCCCCCCCCCCCCCC(=O)OC(CO)COP(=O)([O-])OCC[N+](C)(C)C,58.28432569950244
CCCCCC=CCC=CCCCCCCCC(=O)OCC(O)COP(=O)(O)OCC(O)COP(=O)(O)OCC(COC(=O)CCCCCCCC=CCC=CCCCCC)OC(=O)CCCCCCCC=CCC=CCCCCC,137.6464923335583
CC1=C(C(=O)C=CO1)OS(=O)(=O)O,9.047844037987296
CCCCCC=CCC=CCCCCCCCC(=O)OCCCCCCCCCCCCCCCCCCCCCCCCCCCCCC(=O)NC(CO)C(O)C=CCCCCCCCCCCCCC,249.86205152744617
CC(C)(C)C1=CC(=CC(=C1O)C(C)(C)C)CCC(=O)OC,31.77958479285033
CCC=CCC=CCC=CCC=CCCCCCCC(=O)OC(COCCCCCCCCCCCCCCCC)COP(=O)(O)OC1C(O)C(O)C(O)C(O)C1O,108.89089043076034
CCCCCC=CCC=CCCCCCCCC(=O)OC(COCCCCCCCCC=CCCCCCC)COP(=O)([O-])OCC[N+](C)(C)C,130.19709576589568
CCCCCCCCCCC=CCCCCCCCCCCCC(=O)NC(COP(=O)([O-])OCC[N+](C)(C)C)C(O)CCCCCCCCCCCCCC,170.3820177736895
CCCCCCCCCCCCCCCC(=O)OCC(COP(=O)([O-])OCC[N+](C)(C)C)OC(=O)CCCCCCC=CCC=CCC=CCC=CCC,121.95810057075413
CCCCCCC=CCCCCCCCC(=O)NC(COP(=O)([O-])OCC[N+](C)(C)C)C(O)C=CCCCCCCCCCCCCCCCCCCC,150.1628876628223
CCC=CCC=CCC=CCC=CCCCCCCC(=O)OCC(COC(=O)CCCCCCCC=CCCCCCCCC)OC(=O)CCCCCCCC=CCC=CCCCCC,231.82653977918332
CCCCC(CC)COP(=O)(O)OCC(CC)CCCC,106.8824270980363
CCCCCCCCCCCCCCCCCCCCCC(=O)NCCO,93.39176690073656
CC(C)CCCCCCCOC(=O)C1=CC=CC=C1C(=O)OCCCCCCCC(C)C,96.24993605993436
CCCCCCCCCCC=CCCCCCCCCCCCCCC(=O)OC(COC(=O)CCCCCCC)COP(=O)(O)OC1C(O)C(O)C(O)C(O)C1O,126.17126138348186
CCCCC/C=C\C/C=C\C/C=C\C/C=C\CCCC(=O)OCC(OC(=O)CCC/C=C\C/C=C\C/C=C\C/C=C\CCCCC)COC(=O)CCC/C=C\C/C=C\C/C=C\C/C=C\CCCCC,216.43857253140416
CCCCCCCCCCCCCCCC(=O)OCC(COP(=O)(O)O)OC(=O)CCCCCCCC=CCC=CCCCCC,111.25975381865004
CCCCCCCCCCCCCCCCCCCCCCCCCC(=O)NC(CO)C(O)CCCCCCCCCCCCCCCCC,221.53197857669332
CCCCCCC=CCCCCCCCCOCC(COP(=O)([O-])OCC[N+](C)(C)C)OC(=O)CCCCCCCCCCCCCCCCCCCCCC,168.474141864505
CCCCCCCCCCCCCCCCCCCCCC(=O)NC(COC1C(C(C(C(O1)CO)O)OS(=O)(=O)O)O)C(C=CCCCCCCCCCCCCC)O,123.57726592729726
CCCCCCCCCCCCCCCC(=O)NC(COC1C(C(C(C(O1)CO)OC2C(C(C(C(O2)CO)O)O)O)O)O)C(C=CCCCCCCCCCCCCC)O,123.72084894174928
CCC=CCC=CCC=CCC=CCCCCCCC(=O)OC(COC(=O)CCCCCCCCCCCCCCC)COC1OC(CO)C(O)C(O)C1O,122.01197567704098
CCC=CCC=CCC=CCC=CCCCCCCC(=O)OC(COC(=O)CCCCCCCC=CCC=CCCCCC)COP(=O)(O)OC,102.91785174361226
CCC(C)C(=O)OC(CC(=O)[O-])C[N+](C)(C)C,10.50049757655789
CCC=CCC=CCC=CCC=CCCCCCCC(=O)OCC(COP(=O)(O)OCC(N)C(=O)O)OC(=O)CCCCCCC=CCC=CCC=CCC=CCC,95.28327821105394
CC(C)C(=O)C1=C(C(=C(C(C1=O)(CC=C(C)C)CC=C(C)C)O)CC=C(C)C)O,13.766950604482313
CCC=CCC=CCC=CCC=CCCCCCCC(=O)OC(COC(=O)CCCCCCCCCCCCCCC)COP(=O)(O)O,109.49483818976783
CCN(CCC(C)C)C1=CC2=C(C=C1)C3(C4=CC=CC=C4C(=O)O3)C5=C(O2)C=C(C(=C5)NC6=CC=CC=C6)C,64.98531731096345
CCCCCC=CCC=CCCCCCCCC(=O)OCC(COP(=O)(O)OC1C(C(C(C(C1O)O)O)O)O)OC(=O)CCCCCCC=CCC=CCC=CCC=CCC,96.63640912218662
C(C(C(=O)O)O)C(=O)O,8.2452874780899
CCCCCC=CCC=CCC=CCC=CCCCC(=O)NC(CO)CO,82.06485276576929
CCCCCCCCCCCCCC=CCCC=CC(O)C(COP(=O)(O)OCCN)NC(=O)CCCCCCCCCCCCCCCCCCC,164.37136641213763
CCCCCC=CCC=CCC=CCCCCCCCCCOCC(COP(=O)([O-])OCC[N+](C)(C)C)OC(=O)CCCCCCCCCCCCCCCCCCCCC,193.2872446856856
C(=O)(C(C(C(C(C(C(C(F)(F)F)(F)F)(F)F)(F)F)(F)F)(F)F)(F)F)O,11.3328674496338
CCCCCCCCC=CC(CCCCCCC(=O)O)OC(=O)CCCCCCC=CCC=CCC=CCC=CCC,113.70753741693665
CNC1CCC(C2=CC=CC=C12)C3=CC(=C(C=C3)Cl)Cl,12.834529092666136
CCCCCCC=CCCCCCCCCOCC(O)COP(=O)(O)OCCN,40.16425674351965
CCCCCCCCCC=CCCCC(O)C(O)C(COP(=O)([O-])OCC[N+](C)(C)C)NC(=O)CCCCCCCCCCCCCCCCCCCCCCCC,180.0806853850318
CCCCCCCCCCCCCCCCCCCCCC(=O)NC(CO)C(C=CCCCCCCCCC=CCCC)O,167.37601278957752
CCCCCCCCCCCCCCCCC(=O)OC[C@H](COP(=O)([O-])OCC[N+](C)(C)C)OC(=O)CCCCC/C=C\C/C=C\C/C=C\C/C=C\C/C=C\CC,159.302572411921
CCCCCCCCCCCCCCCCOP(=O)([O-])OCC[N+](C)(C)C,158.3305203054487
C1=CC(=CC=C1NC(=O)C(Cl)(Cl)Cl)O,10.701972491134024
CCC=CCC=CCC=CCC=CCCCCCCCCCOCC(COP(=O)([O-])OCC[N+](C)(C)C)OC(=O)CCCCCCCCCCCC,127.97429121421764
CCCCCCCC=CCC=CCCCCCCCCCCCCOCC(COP(=O)(O)OCCN)OC(=O)CCCCCCCC=CCCCCCCCC,194.0741221342752
CCC=CCC=CCC=CCC=CCC=CCC=CCCC(=O)OCC(COP(=O)([O-])OCC[N+](C)(C)C)OC(=O)CCC=CCC=CCC=CCC=CCC=CCC=CCC,103.77232890515204
CCCCCCCCCC=CCCCC(O)C(O)C(COP(=O)([O-])OCC[N+](C)(C)C)NC(=O)CCCCCCCCCCCCCCCCCCCCCCC,162.39804791677355
CCC=CCC=CCC=CCCCCCCCCCC(=O)OCC(O)COP(=O)(O)OCCNC(=O)CCCCCCCCCCCCCCCCC,127.8694755333815
CCCCCCCCCCCCCCCC(=O)OCC(COP(=O)(O)OCC(C(=O)O)N)OC(=O)CCCCCCC=CCC=CCC=CCC=CCC,104.57520159129746
CCCCCCCCCCCCCCCCCCCCCC(=O)OCC(O)COP(=O)(O)OCC(N)C(=O)O,73.13227528701715
CCCC=CC(O)C(COP(=O)([O-])OCC[N+](C)(C)C)NC(=O)CCCCCCCCCCCCCCCCCCCCCCCC,116.34806277217687
CCCCCCC=CCC=CCCCCCCCCCC(=O)OC(COCCCCCCCCCCCCCCCCCC)COP(=O)([O-])OCC[N+](C)(C)C,155.75076652406935
C1=NC2=C(C(=O)N1)N=CN2C3C(C(C(O3)COP(=O)(O)O)O)O,8.571969216396681
CCCCCCCCCCCCC=CC(OC(=O)CCCCCCCCCCCCCCCC)C(COP(=O)([O-])OCC[N+](C)(C)C)NC(=O)CCCCCCCCCCCCCCCC,206.1574606805947
CCCCCCCCCCCCCC/C=C\OC[C@H](COP(=O)(O)OCCN)OC(=O)CCC/C=C\C/C=C\C/C=C\C/C=C\C/C=C\CC,140.1179711845143
CCC=CCC=CCC=CCC=CCC=CCC(=O)NC(COP(=O)([O-])OCC[N+](C)(C)C)C(O)C=CCCC=CCCC=CCCCCCCCC,155.04610193816754
CC1(OC2COC3(C(C2O1)OC(O3)(C)C)COS(=O)(=O)N)C,11.55216375711077
CCCCCC=CCC=CCCCCCCCC(=O)OCC(COP(=O)(O)OC1C(C(C(C(C1O)O)O)O)O)O,17.04849280297728
CCCCCC=CC=CC(CCCCCCCC(=O)OC1CCC2(C3CCC4(C(C3CC=C2C1)CCC4C(C)CCCC(C)C)C)C)O,194.1209792903119
CCCCCC=CCC=CCCCCCCCCCC(=O)NC(COP(=O)([O-])OCC[N+](C)(C)C)C(O)CCCCCCCCCCCCCCCCCC,157.16568420602067
CCCCCCCCCCCCCCCCCCCCCCCCC(=O)N[C@@H](COP(=O)([O-])OCC[N+](C)(C)C)[C@@H](/C=C/CCCCCCCCCCCCC)O,190.0733211031984
CC(=C)C(=O)OCCOCCOCCOCCOC(=O)C(=C)C,16.266068125991982
CCCCCCCCCCCC[N+](C)(C)CC1=CC=CC=C1,23.88707710013576
CCCCCCCCCCCCCCCCCCCCCC(=O)OC(COCCCCCCCC)COP(=O)([O-])OCC[N+](C)(C)C,134.19393299231265
C1=CC=C(C=C1)OS(=O)(=O)O,9.046440515031351
C1=NC2=C(N1)C(=O)N=CN2,9.453690704159778
O=C(O)C1=CC(=NNc2ccc(S(=O)(=O)Nc3ccccn3)cc2)C=CC1=O,9.049842185777704
CCCCCC/C=C\CCCCCCCC(=O)OC[C@H](COC(=O)CCCCCCC/C=C\CCCC)OC(=O)CCCCCCC/C=C\CCCC,217.1358891710811
CCC=CCC=CCC=CCC=CCC=CCC=CCCC(=O)OCC(COC(=O)CCCCCCCCCCC)OC(=O)CCCCCCCC=CCCCCCC,205.67191876482212
CCC=CCC=CCC=CCC=CCC=CCCCCCCCCCCCCCCCC(=O)NC(COP(=O)([O-])OCC[N+](C)(C)C)C(O)C=CCCCCCCCCCCCCC,169.1165335940797
CCCCCCCCCCCCCCCC(=O)OC[C@H](COC(=O)CCCCCCC/C=C\C/C=C\C/C=C\CC)OC(=O)CCCCCCC/C=C\C/C=C\C/C=C\CC,219.39699091991875
CC=CCC=CCC=CCCC(=O)OC(COCCCCCCCCCCCCCCCC)COP(=O)(O)OCC[N+](C)(C)C,133.7810581627315
CCCCCCCCC=CCCCCCCCC(=O)OCC(COCCCCCCCCCCCCCCCC)OC(=O)CCCCCCCCCCCCCCC,259.8328619244197
CCCCCCCCCCCCCC(=O)O[C@H](COC(=O)CCCCCCCCCCCC)COC(=O)CCCCCCC/C=C\CCCCCC,217.81969404009175
CCCCCCCCCCCCCCCCCC(=O)OCC(COP(=O)(O)OCCN)OC(=O)CCCCCCCCCC=CCCCCCCCC,166.4303167809028
CCCCCCC=CCCCCCCCC(=O)OC(COC(=O)CCCCCCCCCCCCC)COP(=O)(O)OCCN,111.08539191859484
CCCCCCCC=CCC=CCCCCCCCCCCCCCC(=O)OC(COC(=O)CCCCCCCCC)COP(=O)(O)OC1C(O)C(O)C(O)C(O)C1O,128.46459821717684
C1=CC(=CC=C1C(CN)(CS(=O)(=O)O)O)Cl,12.804027850399866
CCCCCC=CCC=CCC=CCC=CCCCCCC(=O)OCC(COP(=O)(O)OCCNC(=O)C)O,29.66193635183717
CCCCCCCCCCCCCCC=CC(O)C(CO)NC(=O)C(O)CCCCCCCCCCCCCCCCCCCCCCCC,206.71115512926193
CCCCCCCCCCCCCCCC(=O)OC[C@H](COC(=O)CC/C=C\C/C=C\C/C=C\C/C=C\C/C=C\C/C=C\CC)OC(=O)CCCCCCC/C=C\CCCCCCCC,235.58571660558124
C1=CC=C(C(=C1)C(=O)C(=O)O)N,10.369780881169804
CCCCCCCCCCCC(=O)OC[C@H](COC(=O)CCCC/C=C\C/C=C\C/C=C\CCCCC)OC(=O)CCCCCCCCCCC,191.97140038486447
CCCCCCCCCCCCCCCC(=O)OCC(COP(=O)(O)OC1C(C(C(C(C1O)O)O)O)O)OC(=O)CCCCCCC=CCC=CCC=CCC=CCC,107.38216990319764
CCC=CCC=CCC=CCC=CCCCCCCCCC(=O)OCC(O)COP(=O)(O)OCCN,37.339363184898225
C(C(C(F)(F)S(=O)(=O)O)(F)F)(C(F)(F)F)(F)F,9.047128589084522
C(CC(=O)N)C(C(=O)O)N,9.319830491199836
CCCCCCCCCCCC(=O)OCC(COC(=O)CCCCCC/C=C\C/C=C\C/C=C\C/C=C\CC)OC(=O)CCCCCCC/C=C\C/C=C\CCCCC,213.356095822758
CCC=CCC=CCC=CCC=CCC=CCC=CCCC(=O)OC(COC(=O)CCCCCCCC=CCCCCCCCC)COP(=O)(O)OC,107.76597939502034
CCCCCCCCCCCCCC(=O)OC[C@@H](COC(=O)CCCCCCC/C=C\C/C=C\CCCCC)OC(=O)CCCCCCCCCCCCC,223.74069037683665
C1C(C(C(C(O1)(CO)O)O)O)O,9.07811237292228
CCC=CCC=CCC=CCC=CC(CCCCCC(=O)O)OC(=O)CCCCCCCC=CCC=CCCCCC,43.38477491769696
CCCCCCCCC=CCCCCCCCCCC(=O)OCC(COC(=O)CCCCCCCCCC=CCCCCCC)OC(=O)CCCCCCCC=CCCCCCCCC,255.26443190737172
CCCCCC=CCC=CCCCCCCCCCC(=O)NCCOP(=O)(O)OCC(COC(=O)C)O,30.842848235242187
CCC=CCC=CCC=CCCCCCCCC(=O)NC(COP(=O)([O-])OCC[N+](C)(C)C)C(O)CCCCCCCCCCCCCCCCCCC,135.8283506865945
CCCCCCCCC=CCCCCCCCC(=O)OCC(COP(=O)([O-])OCC[N+](C)(C)C)OC(=O)CCCCCC=CCC=CCC=CCC=CCC=CCC,129.32468591200373
[2H]C([2H])(OC(=O)CCCCCCCCCCCCCCCC)[C]([2H])(OC(=O)CCCCCCCCCC=CCC=CCC=CCC)C([2H])([2H])OP(=O)(O)OCC(O)CO,115.8
CCCCCCCC/C=C\CCCCCCCC(=O)OC[C@H](COP(=O)(O)OC[C@@H](C(=O)O)N)OC(=O)CCCCCCC/C=C\CCCCCCCC,87.29320558302732
CCC1CN2CCC1CC2C(C3=C4C=C(C=CC4=NC=C3)OC)O,12.350299828019956
CCCCCCCCCCCCCCCCCCOC[C@H](COP(=O)([O-])OCC[N+](C)(C)C)OC(=O)CCCCC/C=C\C/C=C\C/C=C\C/C=C\C/C=C\CC,150.78728965470097
CCCCCCCCCCCCCCCCCCC(=O)NC(COP(=O)([O-])OCC[N+](C)(C)C)C(C=CCCCCCCCCCCCCC)O,147.40736836441653
CCCCCCCCCCCCCCCC=CC(C(CO)NC(=O)CCCCCCCCCCC=CCCCCCCCCCCCCCC)O,210.4474540662849
C[N+](C)(C)C(CC1=CNC2=CC=CC=C21)C(=O)[O-],10.113345643305015
CCCCC=CCCCCCCCCOCC(COP(=O)(O)OCC(O)CO)OC(=O)CCCCCCCCCCCCCCC,108.95555540395026
CCCCCCCCCCCCCCCCCC(=O)OC[C@H](COP(=O)([O-])OCC[N+](C)(C)C)OC(=O)CCCCCCCCCCC/C=C\CCCCCCCC,184.2598946000708
C(C(C1C(C(C(=O)O1)O)O)O)O,9.720568186891269
CC(C)CC(C(=O)O)N,9.850506566806244
CCCCCCCCCCCCCCCC(=O)OC[C@H](COC(=O)CCCCCCC/C=C\CCCCCCCC),249.97398002406476
CCCCCCCCCCCCCCCCCCCCCC(=O)N[C@@H](COP(=O)([O-])OCC[N+](C)(C)C)[C@@H](/C=C/CCCCCCCCCCC)O,155.22853679694774
CCCCCCCCCCCCCCCC(=O)OC[C@H](COP(=O)([O-])OCC[N+](C)(C)C)OC(=O)CCCCCC/C=C/C/C=C/C/C=C/CCCCC,141.1830031897622
CCCCCCCCCCCCCCCCCCCCCCCCC(O)C(COP(=O)([O-])OCC[N+](C)(C)C)NC(=O)CCCCCCCCCCCCCC,176.01080957547578
CCCCCC=CCC=CCCCCCCCCOCC(COP(=O)(O)OCC(O)CO)OC(=O)CCCCCCCCCCCCCCC,123.31774519669344
CCCCCCCCC=CCCCCCCCC(=O)OCC(COP(=O)(O)OC1C(C(C(C(C1O)O)O)O)O)O,25.1622002407875
CCCCCCCCCCCCOS(=O)(=O)O,14.950767229525528
C(CS(=O)(=O)O)C(=O)O,8.426698307807394
CCCCCCCCC(=O)OCC(COC(=O)CCCCCCCC)OC(=O)CCCCCCCC,106.5247407182222
CCCCCCCCC=CCCCCCCCCCCCC(=O)OCC(COC(=O)CCCCCCCCCCCCCCC)OC(=O)CCCCCCCC=CCCCCCCCC,261.48712065038535
CCCCCC=CCC=CCCCCCCCC(=O)OCCCCCCCCCCCCCCCCC=CCCCCCCCCCCCCCCCCCCCC(=O)NC(COC1OC(CO)C(O)C(O)C1O)C(O)C=CCCCCCCCCC,248.9099824196321
CCCCCCCCCCCCCCCCCCCCCCCCCC(=O)NC(CO)C(O)C(O)CCCCCCCCCCCCCC,198.208273884561
CCCCCCCCCCCCCCCN,26.262169722817266
C1=C(NC=N1)CCC(=O)O,10.525195884769344
CC(=O)CC(C1=CC=C(C=C1)[N+](=O)[O-])C2=C(C3=CC=CC=C3OC2=O)O,8.988802469736198
CCC=CCC=CCC=CCC=CCC=CCC=CCC=CCC=CCCCCC(=O)NC(COP(=O)([O-])OCC[N+](C)(C)C)C(O)C=CCCC=CCCC=CCCC,123.1261478316229
CCCCCCCCCCCCCC=CCCCCCCCCC(O)C(=O)NC(COC1OC(CO)C(O)C(O)C1O)C(O)C(O)CCCCCCCCCCCCCC,163.41947149095023
CCCCCCCCCCCCCCCC(=O)OCC(COP(=O)(O)OC1C(C(C(C(C1O)O)O)O)O)OC(=O)CCCCCCCCCC=CCC=CCC=CCC,112.60307913562272
CCCCCCCCC=CCCCCCCCC(=O)OCC(CO)O,33.18803811348159
CCCCCCCCCCCCCC(=O)OC[C@H](COP(=O)([O-])OCC[N+](C)(C)C)OC(=O)CCC/C=C\C/C=C\C/C=C\C/C=C\CCCCC,125.99952711348402
CCCCCCCCCCCCCCCCC(O)C(CO)NC(=O)C(O)CCCCCCCCCCCCCC,143.51470429045426
C1=CC=C(C=C1)NC(=NC2=CC=CC=C2)N,12.07551374105981
CCCCCCC=CCCCCCCCC(=O)OC(COC(=O)CCCCCCC)COC(=O)CCCCCCCC=CCCCCCCCC,201.0633102987485
CCCCCC=CCC=CCCCCCCCC(=O)OCC(COP(=O)(O)OCC(O)COP(=O)(O)OCC(COC(=O)CCCCCCCC=CCCCCCC)OC(=O)CCCCCCCCCCCCC)OC(=O)CCCCCCCCCCCCCCC,202.69731214649377
CCCCCCCCCCCCCCCCCC(C(CO)NC(=O)CCCCCCCCCCCC=CCCCCCCCCCCCCCC)O,221.0354271446112
CCCCCCCCCCCCCCCCCCCCOCC(COP(=O)(O)OCCN)OC(=O)CCCCCCCCCCCCCCC,174.64874034138003
CCCCCCCCCCCCCCCCCCCCCCOCC(O)COP(=O)([O-])OCC[N+](C)(C)C,94.64593399623747
CCCCCCCC=CCC=CCCCC(CCCCCCCC(=O)O)OC(C)=O,64.58360255681539
CCC=CCC=CCC=CCC=CCCCCCCCCC(=O)OC(COCCCCCCCCCCCCCCCCCCCC)COP(=O)(O)OCCN,171.8545126654078
CC(=O)NC(CO)C(=O)O,8.16728949201939
CCCCCCCCC=CCCCCCCCCOCC(COP(=O)(O)OCCN)OC(=O)CCCCCCCCCCCCCCC,142.48480341905437
CCCCCC/C=C\CCCCCCCC(=O)OC[C@H](COC(=O)CCCCCCC/C=C\C/C=C\C/C=C\CC)OC(=O)CCCCCCC/C=C\C/C=C\CCCCC,227.07882172603203
CC(C)(C)C1=CC2=C(C(=C1)C(C)(C)C)OP(=O)(OC3=C(C2)C=C(C=C3C(C)(C)C)C(C)(C)C)O,29.35032516551767
CCCCCCCCC=CCCCCCCCCCC(=O)NC(COC1OC(CO)C(OC2OC(CO)C(O)C(OC3(C(=O)O)CC(O)C(NC(C)=O)C(C(O)C(O)CO)O3)C2O)C(O)C1O)C(O)CCCCCCCCCCC,98.00897183140052
C1CN(CCN1CCCN2C(=O)N3C=CC=CC3=N2)C4=CC(=CC=C4)Cl,12.885557865105008
CCCCCCCCCCCCCCCCCCCCCC(=O)OC(COCCCCCCCCCCCCCCCCCC)COP(=O)([O-])OCC[N+](C)(C)C,208.0268868301814
CCC=CCC=CCC=CCCCCCCCC(=O)OC(CO)COP(=O)(O)OCC(CO)OC(=O)CCCCCCCC=CCC=CCCCCC,94.88044672630262
CCCCCCCCCCCCCCCCOC[C@H](COP(=O)([O-])OCC[N+](C)(C)C)OC(=O)CCCCC/C=C\C/C=C\C/C=C\C/C=C\CCCCC,142.9947306286726
CC12CCC(=O)C=C1C=CC3C2CCC4(C3CCC45CCC(=O)O5)C,16.583468608253597
CCCCCCCCCC=CCCCCCCCCCC(=O)NC(COP(=O)([O-])OCC[N+](C)(C)C)C(O)C=CCCCCCCCCCCCCC,148.77374387809192
CCCCCCCCC=CCCCCCCCC(=O)OCC(COP(=O)(O)OCCN)OC(=O)CCCCCCCC=CCC=CCCCCC,128.33382087935016
CCCCCCCCCCCCCCCCCC(=O)OCC(COP(=O)([O-])OCC[N+](C)(C)C)OC(=O)CCCCCCC=CCC=CCC=CCCCCC,141.84429209724652
CCCCCCCCCCCC(=O)OC[C@H](COC(=O)CCCCCCC/C=C\C/C=C\CCCCC)OC(=O)CCCCCCC/C=C\CCCCCCCC,224.493047857334
C1=NC2=NC=NC(=C2N1)N,9.30096369465911
CNCCC=C1C2=CC=CC=C2CC(C3=CC=CC=C31)O,12.111275147243084
CCCCCCCCCCCCCCCCN(CCO)CCO,33.88536134481479
CCCCCC=CCC=CCCCCCCCC(=O)OC(COCCCCCCCCC=CCCCCCC)COP(=O)(O)OCCN,133.67058606050404
COC1=C(C=CC(=C1)C=O)OS(=O)(=O)O,9.124283767602272
CC/C=C\C/C=C\C/C=C\C/C=C\C/C=C\CCCC(=O)OC[C@H](COP(=O)([O-])OCC[N+](C)(C)C)OC(=O)CC/C=C\C/C=C\C/C=C\C/C=C\C/C=C\C/C=C\CC,102.44162775506084
CC1=C(C(=O)N2CCCC(C2=N1)O)CCN3CCC(CC3)C4=NOC5=C4C=CC(=C5)F,12.0719415613946
COC(=O)C1CC2=CC(=O)CCC2(C)C23OC2CC2(C)C(CCC24CCC(=O)O4)C13,17.853422815611747
CCCCCCCCCCCCCCCCCCCCCCCC(=O)OCC(COC(=O)CCCCCCCCCCCCCCC)OC(=O)CCCCCCCCCCCCCCCC,274.50127867409816
[2H]C([2H])(OC(=O)CCCCCCCCCCCCCCCC)[C]([2H])(OC(=O)CCCCCCCC=CCCCC)C([2H])([2H])OP(=O)(O)O[CH]1C(O)C(O)C(O)[CH](O)C1O,94.8
CCC=CCC=CCC=CCC=CCC=CCC=CCCCCCCCCCCC(=O)NC(COP(=O)([O-])OCC[N+](C)(C)C)C(O)CCCCCCCCCCCCCCC,163.46063068531024
CCCCCCCCCCCCCCCCCCC=COCC(COP(=O)(O)OCCN)OC(=O)CCC=CCC=CCC=CCC=CCC=CCC=CCC,161.88643003054642
CC(=CCC1=C(C)C(=O)c2ccccc2C1=O)CCCC(C)CCCC(C)CCCC(C)C,70.10505072535447
CCCCCCCCCCCCC/C=C/[C@H]([C@H](COP(=O)([O-])OCC[N+](C)(C)C)NC(=O)CCCCCCCCCCCCCCC/C=C\CCCCCCCC)O,183.8328097495285
CCCCCCCCCCC=CCCCCCCCCCCCC(=O)OC(COCCCCCCCCC)COP(=O)([O-])OCC[N+](C)(C)C,152.6563523195589
CCCC(CC1CCCC(N1)CC(=O)C)O,70.10505072535447
CCCCCC=CCC=CCCCCCCCC(=O)NC(COP(=O)([O-])OCC[N+](C)(C)C)C(O)C=CCCC=CCCC=CCCCCC,111.17476324126028
CCCCCCCCCCCCCCCCCCCCCCCCCC(=O)NC(COP(=O)([O-])OCC[N+](C)(C)C)C(C=CCCCCCCCCCCCCC)O,198.1525110507066
CCCCCCCCC=CCCCCCCCCCCCCOCC(O)COP(=O)(O)OCCN,82.85006211533627
CCCCCCCCCCCCCC=CC(O)C(COC1OC(CO)C(O)C(O)C1OC(=O)CCCCCCCCCCCCCCCCC)NC(=O)C(O)CCCCCCCCCCCCCCCCCCCC,238.60899650779152
CCCCCC=CCC=CCCCCCCCC(=O)OCC(COC1OC(COC2OC(CO)C(O)C(O)C2O)C(O)C(O)C1O)OC(=O)CCCCCCCC=CCC=CCCCCC,120.37685287943312
C(CO)NS(=O)(=O)C(C(C(C(F)(F)F)(F)F)(F)F)(F)F,12.83187684709322
CCCCCCCC=CCC=CCC=CCCCCCCCCCCC(=O)OC(COC(=O)CCCCCCC)COP(=O)(O)OCCN,121.4279979805338
CC(CCC(=O)O)C1CCC2C1(C(CC3C2C(CC4C3(CCCC4)C)O)O)C,13.767227803745874
CCCCCCCCCCCCCCCC(=O)OCC(COP(=O)(O)OCC(C(=O)O)N)OC(=O)CCCCCCCC=CCC=CCCCCC,106.2230943860739
CCCCCCCC/C=C\CCCCCCCC(=O)OC[C@H](COC(=O)CCC/C=C\C/C=C\C/C=C\C/C=C\CCCCC)OC(=O)CCC/C=C\C/C=C\C/C=C\C/C=C\CCCCC,226.9684976369483
CCCCCCCCCCCCC=CCCCCCCCCCC(=O)NC(CO)C(C=CCCC=CCCCCCCCCC)O,166.85005440370765
CCCCCCCCCCCCS(=O)(=O)O,12.789175954205772
CCCCCCCCCCCCC1=CC=C(C=C1)S(=O)(=O)O,16.226579628710702
CCCCC=CCCCCCCCC(=O)OCCCCCCCCCCCCCC=CCC=CCCCCCCCCCCCCCCCCCCCC(=O)NC(CO)C(O)C=CCCCCCCCCCCCCCCC,275.9137604767029
CCCCCCCCCCC=CCCCCCCCCCCCCCCCC(=O)OC(COCCCCCCCC)COP(=O)([O-])OCC[N+](C)(C)C,153.8920029518751
CCC=CCC=CCC=CCCCCCCCC(=O)OC1CCC2(C)C(=CCC3C2CCC2(C)C(C(C)CCCC(C)C)CCC32)C1,194.12259993743328
C1=CC(=O)NC=C1C(=O)O,9.052288554134796
CCCCCCCCC=CCCCCCCCC(=O)OCC(COP(=O)(O)OCC(CO)O)O,25.562732794303553
C(CCCCCC(=O)O)CCCCCC(=O)O,16.6813786188743
CCCCCCCCCCCCCCCC(=O)OC1CCC2(C)C(=CCC3C2CCC2(C)C(C(C)CCCC(C)C)CCC32)C1,246.44590457233548
CCCCCCCCCCCC=CC(O)C(COC1OC(CO)C(OC2OC(CO)C(OC3OC(CO)C(O)C(O)C3O)C(O)C2O)C(O)C1O)NC(=O)CCCCCCCCCCCCCCCCCCCCCCCCC,173.01214083137404
CCCCCCCCC=CCCCCCC(=O)OC(CC(=O)O)C[N+](C)(C)C,28.58746453723005
C=C(C)C1CCC2(COC(=O)C=Cc3ccccc3)CCC3(C)C(CCC4C5(C)CCC(OC(=O)C=Cc6ccccc6)C(C)(C)C5CCC43C)C12,100.34260149175996
CCCCCC=CCC=CCCCCCCCC(=O)OCC(COP(=O)([O-])OCC[N+](C)(C)C)OC(=O)CCCCCCC=CCC=CCC=CCC=CCC,112.36098075132482
CCC=CCC=CCC=CCC=CCC=CCCCCCCCCCCCCCC(=O)NC(COP(=O)([O-])OCC[N+](C)(C)C)C(O)C=CCCCCCCCCCCCCC,156.93566730611337
CCCCCCCCCCCCCCCC(=O)OC[C@H](COC(=O)CCCCC/C=C\C/C=C\C/C=C\C/C=C\CCCCC)OC(=O)CCCCCCC/C=C\CCCCCCCC,245.89709112408332
CCCCCCCCCCCCCCCC(=O)OCC(COP(=O)([O-])OCC[N+](C)(C)C)OC(=O)CCCCCCCCCCCCC=C,133.29598521576293
CCCCC=CCCCCCCCC(=O)OC(C=CCCCCCCCCCCC)C(COP(=O)([O-])OCC[N+](C)(C)C)NC(=O)CCCCCCCCCCCCC,181.36428863978688
CCCCCCCCCCCCCCCC(=O)NC(COP(=O)([O-])OCC[N+](C)(C)C)C(O)CCCCCCCCCCCCCC,122.29680918095572
CCCCCCCCCCCCCCCCCCCCCCCC(=O)OC(CC(=O)O)C[N+](C)(C)C,101.52722932540068
CCCCCC=CCC=CCCCCCCCC(=O)OC(COCCCCCCCCCCCCCCCCCCCCCC)COP(=O)(O)OCCN,177.62450880597814
CCCCCCCCCCCCCCCCCC/C=C\OC[C@H](COP(=O)(O)OCCN)OC(=O)CCC/C=C\C/C=C\C/C=C\C/C=C\CCCCC,167.21873293464776
CCC=CCC=CCC=CCC=CCCCCCCC(=O)OC(COCCCCCCCCC=CCC=CCCCCC)COP(=O)(O)OCCN,138.05972033948984
